,,,,,,,Receiving,Receiving,Receiving,Receiving,Receiving,Receiving,Receiving,Receiving,Receiving,Receiving,Receiving,Receiving,Rushing,Rushing,Rushing,Rushing,Rushing,Rushing,Rushing,Rushing,Rushing,Scrimmage,Scrimmage,Scrimmage,Scrimmage,,
Rk,Player,Age,Team,Pos,G,GS,Tgt,Rec,Yds,Y/R,TD,1D,Succ%,Lng,R/G,Y/G,Ctch%,Y/Tgt,Att,Yds,TD,1D,Succ%,Lng,Y/A,Y/G,A/G,Touch,Y/Tch,YScm,RRTD,Fmb,Awards
1,LeSean McCoy,25,PHI,RB,16,16,64,52,539,10.4,2,24,51.6,70,3.3,33.7,81.3,8.4,314,1607,9,79,49.7,57,5.1,100.4,19.6,366,5.9,2146,11,1,"PB,AP-1,AP OPoY-2,AP CPoY-11"
2,Jamaal Charles,27,KAN,RB,15,15,104,70,693,9.9,7,32,44.2,71,4.7,46.2,67.3,6.7,259,1287,12,72,49.4,46,5.0,85.8,17.3,329,6.0,1980,19,4,"PB,AP-1,AP OPoY-3"
3,Matt Forte,28,CHI,RB,16,16,95,74,594,8.0,3,26,48.4,34,4.6,37.1,77.9,6.3,289,1339,9,73,42.2,55,4.6,83.7,18.1,363,5.3,1933,12,2,PB
4,Josh Gordon,22,CLE,WR,14,14,159,87,1646,18.9,9,64,49.1,95,6.2,117.6,54.7,10.4,5,88,0,4,80.0,34,17.6,6.3,0.4,92,18.8,1734,9,0,"PB,AP-1,AP CPoY-6"
5,Knowshon Moreno,26,DEN,RB,16,15,74,60,548,9.1,3,30,59.5,35,3.8,34.3,81.1,7.4,241,1038,10,56,47.7,31,4.3,64.9,15.1,301,5.3,1586,13,1,AP CPoY-2
6,Marshawn Lynch,27,SEA,RB,16,16,44,36,316,8.8,2,12,40.9,55,2.3,19.8,81.8,7.2,301,1257,12,73,48.2,43,4.2,78.6,18.8,337,4.7,1573,14,4,PB
7,Alshon Jeffery,23,CHI,WR,16,14,148,89,1421,16.0,7,62,52.0,80,5.6,88.8,60.1,9.6,16,105,0,7,43.8,38,6.6,6.6,1.0,105,14.5,1526,7,3,PB
8,Reggie Bush,28,DET,RB,14,14,80,54,506,9.4,3,22,45.0,77,3.9,36.1,67.5,6.3,223,1006,4,49,44.8,39,4.5,71.9,15.9,277,5.5,1512,7,5,
9,Antonio Brown,25,PIT,WR,16,14,167,110,1499,13.6,8,70,53.3,56,6.9,93.7,65.9,9.0,7,4,0,2,57.1,10,0.6,0.3,0.4,117,12.8,1503,8,1,"PB,AP-2"
10,Calvin Johnson,28,DET,WR,14,14,156,84,1492,17.8,12,69,51.9,87,6.0,106.6,53.8,9.6,0,0,0,0,,,,0.0,0.0,84,17.8,1492,12,1,"PB,AP-1"
11,DeMarco Murray,25,DAL,RB,14,14,66,53,350,6.6,1,18,54.5,22,3.8,25.0,80.3,5.3,217,1121,9,65,51.6,43,5.2,80.1,15.5,270,5.4,1471,10,3,PB
12,Ryan Mathews,26,SDG,RB,16,14,33,26,189,7.3,1,9,57.6,17,1.6,11.8,78.8,5.7,285,1255,6,55,47.7,51,4.4,78.4,17.8,311,4.6,1444,7,2,
13,Adrian Peterson,28,MIN,RB,14,14,40,29,171,5.9,1,11,42.5,22,2.1,12.2,72.5,4.3,279,1266,10,61,43.7,78,4.5,90.4,19.9,308,4.7,1437,11,5,"PB,AP-2"
14,Eddie Lacy,23,GNB,RB,15,15,44,35,257,7.3,0,12,50.0,34,2.3,17.1,79.5,5.8,284,1178,11,63,44.4,60,4.1,78.5,18.9,319,4.5,1435,11,1,"PB,AP-2,AP ORoY-1"
15,Demaryius Thomas,26,DEN,WR,16,16,142,92,1430,15.5,14,66,58.5,78,5.8,89.4,64.8,10.1,0,0,0,0,,,,0.0,0.0,92,15.5,1430,14,1,"PB,AP-2"
16,A.J. Green,25,CIN,WR,16,16,178,98,1426,14.6,11,65,47.2,82,6.1,89.1,55.1,8.0,0,0,0,0,,,,0.0,0.0,98,14.6,1426,11,1,"PB,AP-2"
17,Chris Johnson,28,TEN,RB,16,16,52,42,345,8.2,4,11,38.5,66,2.6,21.6,80.8,6.6,279,1077,6,57,44.8,30,3.9,67.3,17.4,321,4.4,1422,10,3,
18,Andre Johnson,32,HOU,WR,16,16,181,109,1407,12.9,5,69,50.3,62,6.8,87.9,60.2,7.8,0,0,0,0,,,,0.0,0.0,109,12.9,1407,5,0,PB
19,Pierre Garcon,27,WAS,WR,16,16,181,113,1346,11.9,5,61,50.8,53,7.1,84.1,62.4,7.4,2,19,0,1,100.0,10,9.5,1.2,0.1,115,11.9,1365,5,1,AP CPoY-6
20,Alfred Morris,25,WAS,RB,16,16,12,9,78,8.7,0,2,50.0,17,0.6,4.9,75.0,6.5,276,1275,7,61,48.2,45,4.6,79.7,17.3,285,4.7,1353,7,5,PB
21,DeSean Jackson,27,PHI,WR,16,16,126,82,1332,16.2,9,60,55.6,61,5.1,83.3,65.1,10.6,3,2,0,0,33.3,8,0.7,0.1,0.2,85,15.7,1334,9,1,PB
22,Jordy Nelson,28,GNB,WR,16,16,127,85,1314,15.5,8,60,56.7,76,5.3,82.1,66.9,10.3,0,0,0,0,,,,0.0,0.0,85,15.5,1314,8,0,
23,Brandon Marshall,29,CHI,WR,16,16,164,100,1295,13.0,12,70,53.0,44,6.3,80.9,61.0,7.9,0,0,0,0,,,,0.0,0.0,100,13.0,1295,12,0,PB
24,Eric Decker,26,DEN,WR,16,16,136,87,1288,14.8,11,63,58.1,61,5.4,80.5,64.0,9.5,0,0,0,0,,,,0.0,0.0,87,14.8,1288,11,2,
25,Fred Jackson,32,BUF,RB,16,6,65,47,387,8.2,1,17,43.1,37,2.9,24.2,72.3,6.0,206,890,9,54,51.0,59,4.3,55.6,12.9,253,5.0,1277,10,3,
26,Frank Gore,30,SFO,RB,16,16,27,16,141,8.8,0,5,29.6,29,1.0,8.8,59.3,5.2,276,1128,9,50,38.8,51,4.1,70.5,17.3,292,4.3,1269,9,3,PB
27,Le'Veon Bell,21,PIT,RB,13,13,66,45,399,8.9,0,15,43.9,43,3.5,30.7,68.2,6.0,244,860,8,53,45.5,43,3.5,66.2,18.8,289,4.4,1259,8,1,
28,Dez Bryant,25,DAL,WR,16,16,159,93,1233,13.3,13,68,52.2,79,5.8,77.1,58.5,7.8,1,1,0,0,0.0,1,1.0,0.1,0.1,94,13.1,1234,13,3,PB
29,Vincent Jackson,30,TAM,WR,16,16,160,78,1224,15.7,7,60,44.4,60,4.9,76.5,48.8,7.7,1,0,0,0,0.0,,0.0,0.0,0.1,79,15.5,1224,7,1,
30,Jimmy Graham,27,NOR,TE,16,12,142,86,1215,14.1,16,61,52.1,56,5.4,75.9,60.6,8.6,0,0,0,0,,,,0.0,0.0,86,14.1,1215,16,0,"PB,AP-1"
31,Giovani Bernard,22,CIN,RB,16,0,71,56,514,9.2,3,22,45.1,41,3.5,32.1,78.9,7.2,170,695,5,33,47.1,35,4.1,43.4,10.6,226,5.3,1209,8,1,AP ORoY-3
32,Joique Bell,27,DET,RB,16,4,69,53,547,10.3,0,23,53.6,37,3.3,34.2,76.8,7.9,166,650,8,43,50.6,20,3.9,40.6,10.4,219,5.5,1197,8,4,
33,Anquan Boldin,33,SFO,WR,16,16,129,85,1179,13.9,7,63,58.9,63,5.3,73.7,65.9,9.1,2,11,0,1,50.0,11,5.5,0.7,0.1,87,13.7,1190,7,0,
34,DeAngelo Williams,30,CAR,RB,15,15,36,26,333,12.8,1,10,47.2,72,1.7,22.2,72.2,9.3,201,843,3,36,41.3,43,4.2,56.2,13.4,227,5.2,1176,4,3,
35,Torrey Smith,24,BAL,WR,16,16,137,65,1128,17.4,4,50,39.4,74,4.1,70.5,47.4,8.2,0,0,0,0,,,,0.0,0.0,65,17.4,1128,4,1,
36,C.J. Spiller,26,BUF,RB,15,10,41,33,185,5.6,0,7,36.6,27,2.2,12.3,80.5,4.5,202,933,2,27,34.7,77,4.6,62.2,13.5,235,4.8,1118,2,4,
37,Maurice Jones-Drew,28,JAX,RB,15,15,60,43,314,7.3,0,13,51.7,17,2.9,20.9,71.7,5.2,234,803,5,46,36.3,48,3.4,53.5,15.6,277,4.0,1117,5,1,
38,Zac Stacy,22,STL,RB,14,12,35,26,141,5.4,1,8,37.1,25,1.9,10.1,74.3,4.0,250,973,7,48,41.6,40,3.9,69.5,17.9,276,4.0,1114,8,1,
39,T.Y. Hilton,24,IND,WR,16,10,139,82,1083,13.2,5,46,48.2,73,5.1,67.7,59.0,7.8,2,6,0,0,0.0,3,3.0,0.4,0.1,84,13.0,1089,5,1,
40,Kendall Wright,24,TEN,WR,16,12,139,94,1079,11.5,2,55,52.5,45,5.9,67.4,67.6,7.8,0,0,0,0,,,,0.0,0.0,94,11.5,1079,2,2,
41,Harry Douglas,29,ATL,WR,16,11,132,85,1067,12.6,2,47,53.8,80,5.3,66.7,64.4,8.1,0,0,0,0,,,,0.0,0.0,85,12.6,1067,2,3,
42,Julian Edelman,27,NWE,WR,16,11,151,105,1056,10.1,6,54,52.3,44,6.6,66.0,69.5,7.0,2,11,0,2,100.0,7,5.5,0.7,0.1,107,10.0,1067,6,6,
43,Pierre Thomas,29,NOR,RB,16,9,84,77,513,6.7,3,21,53.6,29,4.8,32.1,91.7,6.1,147,549,2,32,51.7,18,3.7,34.3,9.2,224,4.7,1062,5,2,
44,Keenan Allen,21,SDG,WR,15,14,105,71,1046,14.7,8,54,61.9,43,4.7,69.7,67.6,10.0,0,0,0,0,,,,0.0,0.0,71,14.7,1046,8,2,AP ORoY-2
45,Michael Floyd,24,ARI,WR,16,16,113,65,1041,16.0,5,48,53.1,91,4.1,65.1,57.5,9.2,0,0,0,0,,,,0.0,0.0,65,16.0,1041,5,0,
46,Danny Woodhead,28,SDG,RB,16,2,88,76,605,8.0,6,32,64.8,39,4.8,37.8,86.4,6.9,106,429,2,27,60.4,14,4.0,26.8,6.6,182,5.7,1034,8,2,
47,Rashad Jennings,28,OAK,RB,15,8,48,36,292,8.1,0,12,52.1,24,2.4,19.5,75.0,6.1,163,733,6,35,46.6,80,4.5,48.9,10.9,199,5.2,1025,6,0,
48,Andre Ellington,24,ARI,RB,15,1,57,39,371,9.5,1,21,42.1,38,2.6,24.7,68.4,6.5,118,652,3,27,44.1,80,5.5,43.5,7.9,157,6.5,1023,4,1,
49,Brian Hartline,27,MIA,WR,16,15,133,76,1016,13.4,4,53,51.1,50,4.8,63.5,57.1,7.6,0,0,0,0,,,,0.0,0.0,76,13.4,1016,4,0,
50,Victor Cruz,27,NYG,WR,14,12,122,73,998,13.7,4,45,51.6,70,5.2,71.3,59.8,8.2,0,0,0,0,,,,0.0,0.0,73,13.7,998,4,1,
51,Ray Rice,26,BAL,RB,15,15,72,58,321,5.5,0,13,37.5,22,3.9,21.4,80.6,4.5,214,660,4,28,33.6,47,3.1,44.0,14.3,272,3.6,981,4,2,
52,Bilal Powell,25,NYJ,RB,16,11,57,36,272,7.6,0,15,35.1,36,2.3,17.0,63.2,4.8,176,697,1,36,41.5,39,4.0,43.6,11.0,212,4.6,969,1,1,
53,Mike Wallace,27,MIA,WR,16,16,141,73,930,12.7,5,46,41.1,57,4.6,58.1,51.8,6.6,3,33,0,2,100.0,13,11.0,2.1,0.2,76,12.7,963,5,0,
54,Larry Fitzgerald,30,ARI,WR,16,16,135,82,954,11.6,10,49,48.9,75,5.1,59.6,60.7,7.1,2,8,0,0,100.0,4,4.0,0.5,0.1,84,11.5,962,10,1,PB
55,Marques Colston,30,NOR,WR,15,11,111,75,943,12.6,5,54,64.9,35,5.0,62.9,67.6,8.5,0,0,0,0,,,,0.0,0.0,75,12.6,943,5,0,
56,Golden Tate,25,SEA,WR,16,13,99,64,898,14.0,5,41,54.5,80,4.0,56.1,64.6,9.1,3,31,0,1,66.7,20,10.3,1.9,0.2,67,13.9,929,5,3,
57,Nate Washington,30,TEN,WR,16,15,105,58,919,15.8,3,43,48.6,77,3.6,57.4,55.2,8.8,0,0,0,0,,,,0.0,0.0,58,15.8,919,3,0,
58,Jordan Cameron,25,CLE,TE,15,14,118,80,917,11.5,7,47,51.7,53,5.3,61.1,67.8,7.8,0,0,0,0,,,,0.0,0.0,80,11.5,917,7,1,PB
59,Ben Tate,25,HOU,RB,14,7,49,34,140,4.1,0,2,30.6,10,2.4,10.0,69.4,2.9,181,771,4,37,49.7,60,4.3,55.1,12.9,215,4.2,911,4,5,
60,Rod Streater,25,OAK,WR,16,14,100,60,888,14.8,4,39,51.0,66,3.8,55.5,60.0,8.9,2,17,0,0,100.0,9,8.5,1.1,0.1,62,14.6,905,4,1,
61,Hakeem Nicks,25,NYG,WR,15,15,101,56,896,16.0,0,38,48.5,57,3.7,59.7,55.4,8.9,0,0,0,0,,,,0.0,0.0,56,16.0,896,0,0,
62,Lamar Miller,22,MIA,RB,16,15,35,26,170,6.5,0,6,31.4,22,1.6,10.6,74.3,4.9,177,709,2,27,44.6,49,4.0,44.3,11.1,203,4.3,879,2,1,
63,Trent Richardson,23,2TM,RB,16,10,52,35,316,9.0,1,16,48.1,24,2.2,19.8,67.3,6.1,188,563,3,28,42.0,22,3.0,35.2,11.8,223,3.9,879,4,2,
63,Trent Richardson,23,CLE,RB,2,2,11,7,51,7.3,0,2,45.5,18,3.5,25.5,63.6,4.6,31,105,0,3,48.4,10,3.4,52.5,15.5,38,4.1,156,0,0,
63,Trent Richardson,23,IND,RB,14,8,41,28,265,9.5,1,14,48.8,24,2.0,18.9,68.3,6.5,157,458,3,25,40.8,22,2.9,32.7,11.2,185,3.9,723,4,2,
64,Antonio Gates,33,SDG,TE,16,15,114,77,872,11.3,4,49,63.2,56,4.8,54.5,67.5,7.6,0,0,0,0,,,,0.0,0.0,77,11.3,872,4,2,
65,Tony Gonzalez,37,ATL,TE,16,16,121,83,859,10.3,8,57,60.3,25,5.2,53.7,68.6,7.1,0,0,0,0,,,,0.0,0.0,83,10.3,859,8,0,PB
66,Riley Cooper,26,PHI,WR,16,15,84,47,835,17.8,8,33,46.4,63,2.9,52.2,56.0,9.9,0,18,0,0,,18,,1.1,0.0,47,18.1,853,8,0,
67,Jason Witten,31,DAL,TE,16,16,111,73,851,11.7,8,44,55.0,34,4.6,53.2,65.8,7.7,0,0,0,0,,,,0.0,0.0,73,11.7,851,8,0,PB
68,Vernon Davis,29,SFO,TE,15,15,84,52,850,16.3,13,35,51.2,64,3.5,56.7,61.9,10.1,0,0,0,0,,,,0.0,0.0,52,16.3,850,13,1,"PB,AP-2"
69,Chris Ivory,25,NYJ,RB,15,6,7,2,10,5.0,0,1,14.3,12,0.1,0.7,28.6,1.4,182,833,3,35,44.0,69,4.6,55.5,12.1,184,4.6,843,3,2,
70,Stevan Ridley,24,NWE,RB,14,6,12,10,62,6.2,0,2,41.7,24,0.7,4.4,83.3,5.2,178,773,7,40,49.4,29,4.3,55.2,12.7,188,4.4,835,7,4,
71,Darren Sproles,30,NOR,RB,15,4,89,71,604,8.5,2,25,50.6,48,4.7,40.3,79.8,6.8,53,220,2,13,49.1,38,4.2,14.7,3.5,124,6.6,824,4,2,
72,Rashard Mendenhall,26,ARI,RB,15,15,21,18,134,7.4,0,5,52.4,24,1.2,8.9,85.7,6.4,217,687,8,45,40.6,28,3.2,45.8,14.5,235,3.5,821,8,4,
73,James Jones,29,GNB,WR,14,14,93,59,817,13.8,3,30,53.8,83,4.2,58.4,63.4,8.8,0,0,0,0,,,,0.0,0.0,59,13.8,817,3,2,
74,Greg Olsen,28,CAR,TE,16,16,111,73,816,11.2,6,45,54.1,31,4.6,51.0,65.8,7.4,0,0,0,0,,,,0.0,0.0,73,11.2,816,6,0,
75,LeGarrette Blount,27,NWE,RB,16,7,5,2,38,19.0,0,1,40.0,32,0.1,2.4,40.0,7.6,153,772,7,37,52.3,47,5.0,48.3,9.6,155,5.2,810,7,3,
76,Greg Jennings,30,MIN,WR,15,15,106,68,804,11.8,4,37,50.9,70,4.5,53.6,64.2,7.6,0,0,0,0,,,,0.0,0.0,68,11.8,804,4,0,
77,DeAndre Hopkins,21,HOU,WR,16,16,91,52,802,15.4,2,38,51.6,66,3.3,50.1,57.1,8.8,0,0,0,0,,,,0.0,0.0,52,15.4,802,2,1,
78,Julius Thomas,25,DEN,TE,14,14,90,65,788,12.1,12,41,56.7,74,4.6,56.3,72.2,8.8,0,0,0,0,,,,0.0,0.0,65,12.1,788,12,0,PB
79,Doug Baldwin,25,SEA,WR,16,9,72,50,778,15.6,5,38,56.9,52,3.1,48.6,69.4,10.8,2,6,0,0,0.0,3,3.0,0.4,0.1,52,15.1,784,5,0,
80,BenJarvus Green-Ellis,28,CIN,RB,16,16,8,4,22,5.5,0,1,12.5,10,0.3,1.4,50.0,2.8,220,756,7,49,47.3,25,3.4,47.3,13.8,224,3.5,778,7,2,
81,Wes Welker,32,DEN,WR,13,13,111,73,778,10.7,10,49,54.1,33,5.6,59.8,65.8,7.0,0,0,0,0,,,,0.0,0.0,73,10.7,778,10,1,
82,Marvin Jones,23,CIN,WR,16,3,80,51,712,14.0,10,36,57.5,45,3.2,44.5,63.8,8.9,8,65,0,4,62.5,34,8.1,4.1,0.5,59,13.2,777,10,0,
83,Cecil Shorts,26,JAX,WR,13,13,123,66,777,11.8,3,41,43.1,59,5.1,59.8,53.7,6.3,0,0,0,0,,,,0.0,0.0,66,11.8,777,3,0,
84,Charles Clay,24,MIA,TE,16,15,102,69,759,11.0,6,36,56.9,67,4.3,47.4,67.6,7.4,7,15,1,2,28.6,13,2.1,0.9,0.4,76,10.2,774,7,0,
85,Emmanuel Sanders,26,PIT,WR,16,10,113,67,740,11.0,6,37,46.9,55,4.2,46.3,59.3,6.5,1,25,0,1,100.0,25,25.0,1.6,0.1,68,11.3,765,6,1,
86,Martellus Bennett,26,CHI,TE,16,15,94,65,759,11.7,5,40,51.1,43,4.1,47.4,69.1,8.1,0,0,0,0,,,,0.0,0.0,65,11.7,759,5,1,
87,Donald Brown,26,IND,RB,16,5,35,27,214,7.9,2,10,48.6,33,1.7,13.4,77.1,6.1,102,537,6,21,49.0,51,5.3,33.6,6.4,129,5.8,751,8,0,
88,Steve Smith Sr.,34,CAR,WR,15,15,110,64,745,11.6,4,44,46.4,44,4.3,49.7,58.2,6.8,0,0,0,0,,,,0.0,0.0,64,11.6,745,4,0,
89,Terrance Williams,24,DAL,WR,16,8,74,44,736,16.7,5,31,50.0,82,2.8,46.0,59.5,9.9,3,4,0,0,33.3,5,1.3,0.3,0.2,47,15.7,740,5,2,
90,Steven Jackson,30,ATL,RB,12,12,49,33,191,5.8,1,11,26.5,25,2.8,15.9,67.3,3.9,157,543,6,26,40.1,50,3.5,45.3,13.1,190,3.9,734,7,0,
91,Jerome Simpson,27,MIN,WR,16,8,100,48,726,15.1,1,35,40.0,51,3.0,45.4,48.0,7.3,0,0,0,0,,,,0.0,0.0,48,15.1,726,1,1,
92,Arian Foster,27,HOU,RB,8,8,35,22,183,8.3,1,6,28.6,41,2.8,22.9,62.9,5.2,121,542,1,31,49.6,23,4.5,67.8,15.1,143,5.1,725,2,0,
93,Roddy White,32,ATL,WR,13,13,97,63,711,11.3,3,37,56.7,39,4.8,54.7,64.9,7.3,0,0,0,0,,,,0.0,0.0,63,11.3,711,3,2,
94,Montee Ball,23,DEN,RB,16,0,27,20,145,7.3,0,10,51.9,31,1.3,9.1,74.1,5.4,120,559,4,35,51.7,45,4.7,34.9,7.5,140,5.0,704,4,3,
95,Denarius Moore,25,OAK,WR,13,10,86,46,695,15.1,5,36,45.3,73,3.5,53.5,53.5,8.1,0,0,0,0,,,,0.0,0.0,46,15.1,695,5,0,
96,Jarrett Boykin,24,GNB,WR,16,8,83,49,681,13.9,3,34,54.2,52,3.1,42.6,59.0,8.2,0,0,0,0,,,,0.0,0.0,49,13.9,681,3,0,
97,Dwayne Bowe,29,KAN,WR,15,15,103,57,673,11.8,5,39,47.6,34,3.8,44.9,55.3,6.5,0,0,0,0,,,,0.0,0.0,57,11.8,673,5,0,
98,Jacquizz Rodgers,23,ATL,RB,15,4,63,52,341,6.6,2,12,44.4,22,3.5,22.7,82.5,5.4,96,332,2,19,43.8,19,3.5,22.1,6.4,148,4.5,673,4,1,
99,Jared Cook,26,STL,TE,16,13,85,51,671,13.2,5,34,52.9,47,3.2,41.9,60.0,7.9,0,0,0,0,,,,0.0,0.0,51,13.2,671,5,1,
100,Scott Chandler,28,BUF,TE,16,7,81,53,655,12.4,2,26,53.1,33,3.3,40.9,65.4,8.1,0,0,0,0,,,,0.0,0.0,53,12.4,655,2,1,
101,Eddie Royal,27,SDG,WR,15,3,68,47,631,13.4,8,33,58.8,54,3.1,42.1,69.1,9.3,3,21,0,1,66.7,15,7.0,1.4,0.2,50,13.0,652,8,1,
102,Kenny Stills,21,NOR,WR,16,10,50,32,641,20.0,5,24,60.0,76,2.0,40.1,64.0,12.8,3,10,0,0,33.3,4,3.3,0.6,0.2,35,18.6,651,5,0,
103,Brandon LaFell,27,CAR,WR,16,16,85,49,627,12.8,5,31,50.6,79,3.1,39.2,57.6,7.4,2,15,0,1,100.0,9,7.5,0.9,0.1,51,12.6,642,5,1,
104,Shane Vereen,24,NWE,RB,8,1,69,47,427,9.1,3,25,52.2,50,5.9,53.4,68.1,6.2,44,208,1,12,38.6,21,4.7,26.0,5.5,91,7.0,635,4,1,
105,Danny Amendola,28,NWE,WR,12,6,83,54,633,11.7,2,37,56.6,57,4.5,52.8,65.1,7.6,1,1,0,0,0.0,1,1.0,0.1,0.1,55,11.5,634,2,0,
106,Cordarrelle Patterson,22,MIN,WR,16,6,77,45,469,10.4,4,19,36.4,79,2.8,29.3,58.4,6.1,12,158,3,7,75.0,50,13.2,9.9,0.8,57,11.0,627,7,0,"PB,AP-1,AP ORoY-3"
107,Bobby Rainey,26,2TM,RB,15,6,19,15,46,3.1,1,3,26.3,15,1.0,3.1,78.9,2.4,150,566,5,23,27.3,80,3.8,37.7,10.0,165,3.7,612,6,1,
107,Bobby Rainey,26,CLE,RB,6,0,4,4,19,4.8,0,0,0.0,15,0.7,3.2,100.0,4.8,13,34,0,0,0.0,7,2.6,5.7,2.2,17,3.1,53,0,0,
107,Bobby Rainey,26,TAM,RB,9,6,15,11,27,2.5,1,3,33.3,11,1.2,3.0,73.3,1.8,137,532,5,23,29.9,80,3.9,59.1,15.2,148,3.8,559,6,1,
108,Rueben Randle,22,NYG,WR,16,3,78,41,611,14.9,6,28,43.6,37,2.6,38.2,52.6,7.8,0,0,0,0,,,,0.0,0.0,41,14.9,611,6,3,
109,Coby Fleener,25,IND,TE,16,12,87,52,608,11.7,4,32,46.0,44,3.3,38.0,59.8,7.0,0,0,0,0,,,,0.0,0.0,52,11.7,608,4,1,
110,Stevie Johnson,27,BUF,WR,12,12,101,52,597,11.5,3,33,41.6,45,4.3,49.8,51.5,5.9,1,10,0,0,0.0,10,10.0,0.8,0.1,53,11.5,607,3,1,
111,Robert Woods,21,BUF,WR,14,14,85,40,587,14.7,3,26,42.4,57,2.9,41.9,47.1,6.9,2,16,0,1,50.0,13,8.0,1.1,0.1,42,14.4,603,3,0,
112,Donnie Avery,29,KAN,WR,16,14,71,40,596,14.9,2,25,49.3,51,2.5,37.3,56.3,8.4,2,6,0,0,0.0,4,3.0,0.4,0.1,42,14.3,602,2,1,
113,Jerricho Cotchery,31,PIT,WR,16,6,76,46,602,13.1,10,38,55.3,36,2.9,37.6,60.5,7.9,1,-5,0,0,0.0,-5,-5.0,-0.3,0.1,47,12.7,597,10,0,
114,Andre Brown,27,NYG,RB,8,8,29,20,103,5.2,0,3,34.5,14,2.5,12.9,69.0,3.6,139,492,3,31,48.2,23,3.5,61.5,17.4,159,3.7,595,3,3,
115,Heath Miller,31,PIT,TE,14,14,79,58,593,10.2,1,30,58.2,31,4.1,42.4,73.4,7.5,0,0,0,0,,,,0.0,0.0,58,10.2,593,1,1,
116,Rob Gronkowski,24,NWE,TE,7,6,66,39,592,15.2,4,31,53.0,50,5.6,84.6,59.1,9.0,0,0,0,0,,,,0.0,0.0,39,15.2,592,4,0,
117,Julio Jones,24,ATL,WR,5,5,59,41,580,14.1,2,25,57.6,81,8.2,116.0,69.5,9.8,1,7,0,1,100.0,7,7.0,1.4,0.2,42,14.0,587,2,2,
118,Ted Ginn Jr.,28,CAR,WR,16,2,68,36,556,15.4,5,24,41.2,47,2.3,34.8,52.9,8.2,4,29,0,2,75.0,14,7.3,1.8,0.3,40,14.6,585,5,0,
119,Cam Newton,24,CAR,QB,16,16,0,0,0,,0,0,,,0.0,0.0,,,111,585,6,45,55.0,56,5.3,36.6,6.9,111,5.3,585,6,3,PB
120,Chris Ogbonnaya,27,CLE,RB,16,7,74,48,343,7.1,2,15,37.8,17,3.0,21.4,64.9,4.6,49,240,0,14,53.1,43,4.9,15.0,3.1,97,6.0,583,2,2,
121,James Starks,27,GNB,RB,13,1,13,10,89,8.9,1,3,61.5,23,0.8,6.8,76.9,6.8,89,493,3,27,55.1,41,5.5,37.9,6.8,99,5.9,582,4,1,
122,Chris Givens,24,STL,WR,16,13,83,34,569,16.7,0,27,36.1,47,2.1,35.6,41.0,6.9,3,8,0,1,33.3,16,2.7,0.5,0.2,37,15.6,577,0,1,
123,Terrelle Pryor,24,OAK,QB,11,9,0,0,0,,0,0,,,0.0,0.0,,,83,576,2,28,49.4,93,6.9,52.4,7.5,83,6.9,576,2,7,
124,Tim Wright,23,TAM,TE,16,8,76,54,571,10.6,5,32,53.9,36,3.4,35.7,71.1,7.5,1,2,0,0,0.0,2,2.0,0.1,0.1,55,10.4,573,5,0,
125,Delanie Walker,29,TEN,TE,15,11,86,60,571,9.5,6,31,55.8,33,4.0,38.1,69.8,6.6,0,0,0,0,,,,0.0,0.0,60,9.5,571,6,1,
126,Tavon Austin,23,STL,WR,13,3,69,40,418,10.5,4,17,42.0,81,3.1,32.2,58.0,6.1,9,151,1,3,55.6,65,16.8,11.6,0.7,49,11.6,569,5,4,
127,Marcel Reece,28,OAK,RB,16,15,54,32,331,10.3,2,12,38.9,45,2.0,20.7,59.3,6.1,46,218,2,8,37.0,63,4.7,13.6,2.9,78,7.0,549,4,0,"PB,AP-2"
128,Garrett Graham,27,HOU,TE,13,11,89,49,545,11.1,5,26,42.7,42,3.8,41.9,55.1,6.1,0,0,0,0,,,,0.0,0.0,49,11.1,545,5,2,
129,Mike Tolbert,28,CAR,RB,16,13,33,27,184,6.8,2,12,45.5,18,1.7,11.5,81.8,5.6,101,361,5,32,50.5,22,3.6,22.6,6.3,128,4.3,545,7,0,"PB,AP-1"
130,Bernard Pierce,22,BAL,RB,16,1,25,20,104,5.2,0,3,28.0,15,1.3,6.5,80.0,4.2,152,436,2,23,34.2,28,2.9,27.3,9.5,172,3.1,540,2,0,
131,Russell Wilson,25,SEA,QB,16,16,0,0,0,,0,0,,,0.0,0.0,,,96,539,1,31,47.9,27,5.6,33.7,6.0,96,5.6,539,1,10,"PB,AP OPoY-4"
132,Jeremy Kerley,25,NYJ,WR,12,8,72,43,523,12.2,3,31,47.2,26,3.6,43.6,59.7,7.3,4,11,0,0,25.0,8,2.8,0.9,0.3,47,11.4,534,3,0,
133,Roy Helu,25,WAS,RB,16,0,42,31,251,8.1,0,9,38.1,28,1.9,15.7,73.8,6.0,62,274,4,20,45.2,24,4.4,17.1,3.9,93,5.6,525,4,2,
134,Colin Kaepernick,26,SFO,QB,16,16,0,0,0,,0,0,,,0.0,0.0,,,92,524,4,28,45.7,28,5.7,32.8,5.8,92,5.7,524,4,6,
135,Marlon Brown,22,BAL,WR,14,12,82,49,524,10.7,7,30,47.6,59,3.5,37.4,59.8,6.4,1,-2,0,0,0.0,-2,-2.0,-0.1,0.1,50,10.4,522,7,0,
136,Doug Martin,24,TAM,RB,6,6,24,12,66,5.5,0,1,16.7,13,2.0,11.0,50.0,2.8,127,456,1,18,37.8,28,3.6,76.0,21.2,139,3.8,522,1,2,
137,Brandon Myers,28,NYG,TE,16,14,76,47,522,11.1,4,28,47.4,27,2.9,32.6,61.8,6.9,0,0,0,0,,,,0.0,0.0,47,11.1,522,4,0,
138,Aaron Dobson,22,NWE,WR,12,9,72,37,519,14.0,4,25,45.8,81,3.1,43.3,51.4,7.2,0,0,0,0,,,,0.0,0.0,37,14.0,519,4,1,
139,Jordan Reed,23,WAS,TE,9,4,59,45,499,11.1,3,30,64.4,38,5.0,55.4,76.3,8.5,1,18,0,1,100.0,18,18.0,2.0,0.1,46,11.2,517,3,0,
140,Dexter McCluster,24,KAN,WR,15,6,83,53,511,9.6,2,30,45.8,43,3.5,34.1,63.9,6.2,8,5,0,0,25.0,5,0.6,0.3,0.5,61,8.5,516,2,2,"PB,AP-2"
141,Randall Cobb,23,GNB,WR,6,4,47,31,433,14.0,4,18,48.9,48,5.2,72.2,66.0,9.2,4,78,0,1,50.0,67,19.5,13.0,0.7,35,14.6,511,4,0,
142,Reggie Wayne,35,IND,WR,7,7,58,38,503,13.2,2,28,56.9,35,5.4,71.9,65.5,8.7,1,5,0,0,100.0,5,5.0,0.7,0.1,39,13.0,508,2,0,
143,Brent Celek,28,PHI,TE,16,15,51,32,502,15.7,6,22,52.9,42,2.0,31.4,62.7,9.8,0,0,0,0,,,,0.0,0.0,32,15.7,502,6,1,
144,Kris Durham,25,DET,WR,16,13,85,38,490,12.9,2,25,40.0,40,2.4,30.6,44.7,5.8,0,0,0,0,,,,0.0,0.0,38,12.9,490,2,1,
145,Robert Griffin III,23,WAS,QB,13,13,0,0,0,,0,0,,,0.0,0.0,,,86,489,0,26,53.5,26,5.7,37.6,6.6,86,5.7,489,0,11,
146,Ace Sanders,22,JAX,WR,15,4,87,51,484,9.5,1,22,34.5,51,3.4,32.3,58.6,5.6,2,4,0,1,50.0,4,2.0,0.3,0.1,53,9.2,488,1,0,
147,Darren McFadden,26,OAK,RB,10,7,25,17,108,6.4,0,4,36.0,16,1.7,10.8,68.0,4.3,114,379,5,17,30.7,30,3.3,37.9,11.4,131,3.7,487,5,1,
148,Santana Moss,34,WAS,WR,16,1,79,42,452,10.8,2,29,43.0,28,2.6,28.3,53.2,5.7,3,25,0,1,66.7,18,8.3,1.6,0.2,45,10.6,477,2,2,
149,Vincent Brown,24,SDG,WR,16,12,70,41,472,11.5,1,29,50.0,51,2.6,29.5,58.6,6.7,0,0,0,0,,,,0.0,0.0,41,11.5,472,1,0,
150,Andre Roberts,25,ARI,WR,16,2,76,43,471,11.0,2,22,42.1,34,2.7,29.4,56.6,6.2,0,0,0,0,,,,0.0,0.0,43,11.0,471,2,0,
151,Mohamed Sanu,24,CIN,WR,16,14,77,47,455,9.7,2,28,48.1,32,2.9,28.4,61.0,5.9,4,16,0,0,50.0,9,4.0,1.0,0.3,51,9.2,471,2,1,
152,Zach Ertz,23,PHI,TE,16,3,57,36,469,13.0,4,25,50.9,38,2.3,29.3,63.2,8.2,0,0,0,0,,,,0.0,0.0,36,13.0,469,4,0,
153,Daniel Thomas,26,MIA,RB,15,1,17,15,63,4.2,2,6,35.3,16,1.0,4.2,88.2,3.7,109,406,4,17,46.8,55,3.7,27.1,7.3,124,3.8,469,6,0,
154,Kenbrell Thompkins,25,NWE,WR,12,8,69,32,466,14.6,4,21,42.0,49,2.7,38.8,46.4,6.8,0,0,0,0,,,,0.0,0.0,32,14.6,466,4,0,
155,Greg Little,24,CLE,WR,16,13,99,41,465,11.3,2,22,31.3,47,2.6,29.1,41.4,4.7,0,0,0,0,,,,0.0,0.0,41,11.3,465,2,0,
156,Jermaine Gresham,25,CIN,TE,14,14,68,46,458,10.0,4,24,52.9,30,3.3,32.7,67.6,6.7,0,0,0,0,,,,0.0,0.0,46,10.0,458,4,3,
157,Lance Moore,30,NOR,WR,13,5,54,37,457,12.4,2,26,64.8,44,2.8,35.2,68.5,8.5,0,0,0,0,,,,0.0,0.0,37,12.4,457,2,1,
158,Santonio Holmes,29,NYJ,WR,11,11,59,23,456,19.8,1,19,37.3,69,2.1,41.5,39.0,7.7,0,0,0,0,,,,0.0,0.0,23,19.8,456,1,0,
159,Jacoby Jones,29,BAL,WR,12,9,68,37,455,12.3,2,20,44.1,66,3.1,37.9,54.4,6.7,2,0,0,0,50.0,,0.0,0.0,0.2,39,11.7,455,2,0,
160,Rob Housler,25,ARI,TE,13,10,57,39,454,11.6,1,22,57.9,31,3.0,34.9,68.4,8.0,0,0,0,0,,,,0.0,0.0,39,11.6,454,1,1,
161,Mark Ingram,24,NOR,RB,11,3,11,7,68,9.7,0,3,45.5,23,0.6,6.2,63.6,6.2,78,386,1,18,46.2,34,4.9,35.1,7.1,85,5.3,454,1,0,
162,Nate Burleson,32,DET,WR,9,8,55,39,461,11.8,1,23,56.4,47,4.3,51.2,70.9,8.4,2,-8,0,0,0.0,,-4.0,-0.9,0.2,41,11.0,453,1,1,
163,Rishard Matthews,24,MIA,TE,16,5,67,41,448,10.9,2,26,53.7,29,2.6,28.0,61.2,6.7,0,0,0,0,,,,0.0,0.0,41,10.9,448,2,0,
164,Jason Avant,30,PHI,WR,16,13,77,38,447,11.8,2,24,44.2,31,2.4,27.9,49.4,5.8,0,0,0,0,,,,0.0,0.0,38,11.8,447,2,1,
165,Mike Brown,24,JAX,WR,11,6,56,32,446,13.9,2,20,46.4,43,2.9,40.5,57.1,8.0,0,0,0,0,,,,0.0,0.0,32,13.9,446,2,2,
166,Tyler Eifert,23,CIN,TE,15,15,60,39,445,11.4,2,19,46.7,61,2.6,29.7,65.0,7.4,0,0,0,0,,,,0.0,0.0,39,11.4,445,2,0,
167,Tiquan Underwood,26,TAM,WR,12,7,46,24,440,18.3,4,19,52.2,85,2.0,36.7,52.2,9.6,0,0,0,0,,,,0.0,0.0,24,18.3,440,4,0,
168,Jarius Wright,24,MIN,WR,16,3,43,26,434,16.7,3,20,51.2,42,1.6,27.1,60.5,10.1,0,0,0,0,,,,0.0,0.0,26,16.7,434,3,0,
169,Andre Holmes,25,OAK,WR,10,4,52,25,431,17.2,1,22,44.2,40,2.5,43.1,48.1,8.3,0,0,0,0,,,,0.0,0.0,25,17.2,431,1,0,
170,Alex Smith,29,KAN,QB,15,15,1,1,-4,-4.0,0,0,0.0,-4,0.1,-0.3,100.0,-4.0,76,431,1,24,47.4,26,5.7,28.7,5.1,77,5.5,427,1,7,"PB,AP CPoY-6"
171,Brandon Bolden,23,NWE,RB,12,2,29,21,152,7.2,0,6,31.0,18,1.8,12.7,72.4,5.2,55,271,3,16,47.3,46,4.9,22.6,4.6,76,5.6,423,3,0,
172,David Nelson,27,NYJ,WR,12,6,60,36,423,11.8,2,20,46.7,31,3.0,35.3,60.0,7.1,0,0,0,0,,,,0.0,0.0,36,11.8,423,2,0,
173,Brandon Pettigrew,28,DET,TE,14,14,63,41,416,10.1,2,19,52.4,31,2.9,29.7,65.1,6.6,0,0,0,0,,,,0.0,0.0,41,10.1,416,2,1,
174,Justin Blackmon,23,JAX,WR,4,4,48,29,415,14.3,1,17,58.3,67,7.3,103.8,60.4,8.6,1,-1,0,0,0.0,-1,-1.0,-0.3,0.3,30,13.8,414,1,0,
175,Mychal Rivera,23,OAK,TE,16,3,60,38,407,10.7,4,25,50.0,37,2.4,25.4,63.3,6.8,0,0,0,0,,,,0.0,0.0,38,10.7,407,4,0,
176,Austin Pettis,25,STL,WR,16,6,63,38,399,10.5,4,25,54.0,31,2.4,24.9,60.3,6.3,0,0,0,0,,,,0.0,0.0,38,10.5,399,4,1,
177,Bryce Brown,22,PHI,RB,16,1,13,8,84,10.5,0,2,30.8,35,0.5,5.3,61.5,6.5,75,314,2,16,48.0,65,4.2,19.6,4.7,83,4.8,398,2,0,
178,Jeff Cumberland,26,NYJ,TE,15,12,40,26,398,15.3,4,15,57.5,47,1.7,26.5,65.0,10.0,0,0,0,0,,,,0.0,0.0,26,15.3,398,4,0,
179,Willis McGahee,32,CLE,RB,12,6,11,8,20,2.5,0,0,18.2,9,0.7,1.7,72.7,1.8,138,377,2,31,43.5,16,2.7,31.4,11.5,146,2.7,397,2,1,
180,Kellen Winslow,30,NYJ,TE,12,3,47,31,388,12.5,2,20,57.4,34,2.6,32.3,66.0,8.3,0,0,0,0,,,,0.0,0.0,31,12.5,388,2,0,
181,Zach Miller,28,SEA,TE,14,12,56,33,387,11.7,5,19,44.6,60,2.4,27.6,58.9,6.9,0,0,0,0,,,,0.0,0.0,33,11.7,387,5,0,
182,Jerrel Jernigan,24,NYG,WR,15,3,45,29,329,11.3,2,16,44.4,30,1.9,21.9,64.4,7.3,2,57,1,1,100.0,49,28.5,3.8,0.1,31,12.5,386,3,1,
183,Jason Snelling,30,ATL,RB,14,1,34,29,216,7.4,3,11,50.0,34,2.1,15.4,85.3,6.4,44,164,1,9,50.0,17,3.7,11.7,3.1,73,5.2,380,4,0,
184,Geno Smith,23,NYJ,QB,16,16,1,1,13,13.0,0,1,100.0,13,0.1,0.8,100.0,13.0,72,366,6,24,50.0,32,5.1,22.9,4.5,73,5.2,379,6,8,
185,Andrew Luck,24,IND,QB,16,16,0,0,0,,0,0,,,0.0,0.0,,,63,377,4,23,55.6,29,6.0,23.6,3.9,63,6.0,377,4,6,PB
186,Ladarius Green,23,SDG,WR,16,10,30,17,376,22.1,3,15,50.0,60,1.1,23.5,56.7,12.5,0,0,0,0,,,,0.0,0.0,17,22.1,376,3,0,
187,T.J. Graham,24,BUF,WR,16,6,58,23,361,15.7,2,14,31.0,47,1.4,22.6,39.7,6.2,4,14,0,2,50.0,14,3.5,0.9,0.3,27,13.9,375,2,1,
188,Leonard Hankerson,24,WAS,WR,10,7,50,30,375,12.5,3,21,52.0,29,3.0,37.5,60.0,7.5,0,0,0,0,,,,0.0,0.0,30,12.5,375,3,0,
189,Jordan Todman,23,JAX,RB,16,2,26,14,116,8.3,1,6,26.9,30,0.9,7.3,53.8,4.5,76,256,2,17,38.2,33,3.4,16.0,4.8,90,4.1,372,3,0,
190,Toby Gerhart,26,MIN,RB,14,0,19,13,88,6.8,0,3,47.4,13,0.9,6.3,68.4,4.6,36,283,2,13,55.6,41,7.9,20.2,2.6,49,7.6,371,2,1,
191,Kendall Hunter,25,SFO,RB,16,0,4,2,13,6.5,0,0,25.0,9,0.1,0.8,50.0,3.3,78,358,3,19,35.9,45,4.6,22.4,4.9,80,4.6,371,3,1,
192,Cole Beasley,24,DAL,WR,14,3,54,39,368,9.4,2,21,55.6,23,2.8,26.3,72.2,6.8,0,0,0,0,,,,0.0,0.0,39,9.4,368,2,1,
193,Davone Bess,28,CLE,WR,14,3,86,42,362,8.6,2,24,32.6,20,3.0,25.9,48.8,4.2,0,0,0,0,,,,0.0,0.0,42,8.6,362,2,1,
194,Brian Leonard,29,TAM,RB,16,1,37,29,179,6.2,0,9,37.8,19,1.8,11.2,78.4,4.8,47,182,0,12,40.4,24,3.9,11.4,2.9,76,4.8,361,0,0,
195,Aldrick Robinson,25,WAS,WR,16,1,46,18,365,20.3,2,14,37.0,62,1.1,22.8,39.1,7.9,3,-4,0,0,33.3,9,-1.3,-0.3,0.2,21,17.2,361,2,0,
196,Marcedes Lewis,29,JAX,TE,11,11,47,25,359,14.4,4,17,51.1,41,2.3,32.6,53.2,7.6,0,0,0,0,,,,0.0,0.0,25,14.4,359,4,1,
197,Justin Hunter,22,TEN,WR,14,0,42,18,354,19.7,4,16,40.5,57,1.3,25.3,42.9,8.4,0,0,0,0,,,,0.0,0.0,18,19.7,354,4,0,
198,Jermaine Kearse,23,SEA,WR,15,5,38,22,346,15.7,4,16,55.3,43,1.5,23.1,57.9,9.1,0,0,0,0,,,,0.0,0.0,22,15.7,346,4,1,
199,John Carlson,29,MIN,TE,13,8,48,32,344,10.8,1,19,45.8,30,2.5,26.5,66.7,7.2,0,0,0,0,,,,0.0,0.0,32,10.8,344,1,1,
200,Dallas Clark,34,BAL,TE,12,0,52,31,343,11.1,3,19,46.2,45,2.6,28.6,59.6,6.6,0,0,0,0,,,,0.0,0.0,31,11.1,343,3,0,
201,Peyton Hillis,27,NYG,RB,7,1,21,13,96,7.4,0,5,47.6,16,1.9,13.7,61.9,4.6,73,247,2,13,45.2,27,3.4,35.3,10.4,86,4.0,343,2,2,
202,Stephen Hill,22,NYJ,WR,12,11,59,24,342,14.3,1,17,33.9,51,2.0,28.5,40.7,5.8,0,0,0,0,,,,0.0,0.0,24,14.3,342,1,1,
203,Mike James,22,TAM,RB,8,3,11,10,43,4.3,0,1,45.5,20,1.3,5.4,90.9,3.9,60,295,0,14,50.0,24,4.9,36.9,7.5,70,4.8,338,0,0,
204,Ronnie Hillman,22,DEN,RB,10,0,14,12,119,9.9,0,7,71.4,19,1.2,11.9,85.7,8.5,55,218,1,14,52.7,19,4.0,21.8,5.5,67,5.0,337,1,2,
205,Daryl Richardson,23,STL,RB,8,3,18,14,121,8.6,0,3,38.9,19,1.8,15.1,77.8,6.7,69,215,0,12,42.0,14,3.1,26.9,8.6,83,4.0,336,0,0,
206,Darrius Heyward-Bey,26,IND,WR,16,11,64,29,309,10.7,1,17,39.1,27,1.8,19.3,45.3,4.8,3,26,0,1,66.7,30,8.7,1.6,0.2,32,10.5,335,1,0,
207,Shonn Greene,28,TEN,RB,11,0,8,6,39,6.5,0,1,12.5,28,0.5,3.5,75.0,4.9,77,295,4,20,58.4,29,3.8,26.8,7.0,83,4.0,334,4,0,
208,Brandon Gibson,26,MIA,WR,7,3,43,30,326,10.9,3,19,62.8,46,4.3,46.6,69.8,7.6,0,0,0,0,,,,0.0,0.0,30,10.9,326,3,0,
209,Robert Turbin,24,SEA,RB,16,0,12,8,60,7.5,0,2,41.7,19,0.5,3.8,66.7,5.0,77,264,0,10,39.0,15,3.4,16.5,4.8,85,3.8,324,0,1,
210,Robert Meachem,29,NOR,WR,15,5,30,16,324,20.3,2,9,50.0,60,1.1,21.6,53.3,10.8,2,-1,0,0,50.0,4,-0.5,-0.1,0.1,18,17.9,323,2,0,
211,Benny Cunningham,23,STL,RB,14,0,10,6,59,9.8,0,2,40.0,18,0.4,4.2,60.0,5.9,47,261,1,11,44.7,56,5.6,18.6,3.4,53,6.0,320,1,2,
212,Knile Davis,22,KAN,RB,16,1,15,11,75,6.8,0,5,46.7,17,0.7,4.7,73.3,5.0,70,242,4,10,31.4,20,3.5,15.1,4.4,81,3.9,317,4,3,
213,Kyle Rudolph,24,MIN,TE,8,8,46,30,313,10.4,3,13,47.8,31,3.8,39.1,65.2,6.8,0,0,0,0,,,,0.0,0.0,30,10.4,313,3,0,
214,Andrew Quarless,25,GNB,TE,16,10,53,32,312,9.8,2,18,50.9,22,2.0,19.5,60.4,5.9,0,0,0,0,,,,0.0,0.0,32,9.8,312,2,0,
215,Tandon Doss,24,BAL,WR,15,2,36,19,305,16.1,0,13,36.1,63,1.3,20.3,52.8,8.5,0,0,0,0,,,,0.0,0.0,19,16.1,305,0,1,
216,Michael Vick,33,PHI,QB,7,6,0,0,-2,,0,0,,-2,0.0,-0.3,,,36,306,2,17,61.1,61,8.5,43.7,5.1,36,8.4,304,2,4,
217,Sean McGrath,26,KAN,TE,16,9,40,26,302,11.6,2,16,50.0,25,1.6,18.9,65.0,7.6,0,0,0,0,,,,0.0,0.0,26,11.6,302,2,0,
218,Brian Quick,24,STL,WR,16,5,35,18,302,16.8,2,15,42.9,73,1.1,18.9,51.4,8.6,0,0,0,0,,,,0.0,0.0,18,16.8,302,2,0,
219,Jermichael Finley,26,GNB,TE,6,5,34,25,300,12.0,3,13,52.9,52,4.2,50.0,73.5,8.8,0,0,0,0,,,,0.0,0.0,25,12.0,300,3,0,
220,Marquise Goodwin,23,BUF,WR,12,1,32,17,283,16.6,3,13,43.8,59,1.4,23.6,53.1,8.8,3,13,0,1,33.3,17,4.3,1.1,0.3,20,14.8,296,3,1,
221,Clay Harbor,26,JAX,TE,16,7,35,24,292,12.2,2,16,60.0,31,1.5,18.3,68.6,8.3,0,0,0,0,,,,0.0,0.0,24,12.2,292,2,2,
222,Michael Crabtree,26,SFO,WR,5,5,33,19,284,14.9,1,13,48.5,60,3.8,56.8,57.6,8.6,0,0,0,0,,,,0.0,0.0,19,14.9,284,1,0,
223,Ed Dickson,26,BAL,TE,16,14,43,25,273,10.9,1,16,46.5,43,1.6,17.1,58.1,6.3,0,0,0,0,,,,0.0,0.0,25,10.9,273,1,0,
224,Luke Willson,23,SEA,TE,16,7,28,20,272,13.6,1,14,53.6,39,1.3,17.0,71.4,9.7,0,0,0,0,,,,0.0,0.0,20,13.6,272,1,0,
225,Kevin Ogletree,26,2TM,WR,16,2,45,21,269,12.8,2,15,40.0,43,1.3,16.8,46.7,6.0,0,0,0,0,,,,0.0,0.0,21,12.8,269,2,0,
225,Kevin Ogletree,26,TAM,WR,4,1,20,8,70,8.8,1,5,30.0,20,2.0,17.5,40.0,3.5,0,0,0,0,,,,0.0,0.0,8,8.8,70,1,0,
225,Kevin Ogletree,26,DET,WR,12,1,25,13,199,15.3,1,10,48.0,43,1.1,16.6,52.0,8.0,0,0,0,0,,,,0.0,0.0,13,15.3,199,1,0,
226,Logan Paulsen,26,WAS,TE,16,14,50,28,267,9.5,3,11,42.0,33,1.8,16.7,56.0,5.3,0,0,0,0,,,,0.0,0.0,28,9.5,267,3,2,
227,Jonathan Dwyer,24,PIT,RB,15,0,11,8,64,8.0,0,3,45.5,23,0.5,4.3,72.7,5.8,49,197,0,16,42.9,30,4.0,13.1,3.3,57,4.6,261,0,0,
228,Stedman Bailey,23,STL,WR,16,2,25,17,226,13.3,0,10,52.0,28,1.1,14.1,68.0,9.0,2,33,1,1,100.0,27,16.5,2.1,0.1,19,13.6,259,1,0,
229,Griff Whalen,23,IND,WR,9,3,40,24,259,10.8,2,14,55.0,25,2.7,28.8,60.0,6.5,0,0,0,0,,,,0.0,0.0,24,10.8,259,2,0,
230,Lance Kendricks,25,STL,WR,15,13,46,32,258,8.1,4,16,52.2,21,2.1,17.2,69.6,5.6,0,0,0,0,,,,0.0,0.0,32,8.1,258,4,0,
231,Bruce Miller,26,SFO,RB,14,13,36,25,243,9.7,0,12,52.8,43,1.8,17.4,69.4,6.8,7,13,0,3,42.9,4,1.9,0.9,0.5,32,8.0,256,0,1,
232,Keshawn Martin,23,HOU,WR,16,1,40,22,253,11.5,2,12,35.0,32,1.4,15.8,55.0,6.3,0,0,0,0,,,,0.0,0.0,22,11.5,253,2,2,
233,Owen Daniels,31,HOU,TE,5,5,41,24,252,10.5,3,18,51.2,28,4.8,50.4,58.5,6.1,0,0,0,0,,,,0.0,0.0,24,10.5,252,3,0,
234,Brandon Jacobs,31,NYG,RB,7,1,7,2,13,6.5,0,0,28.6,8,0.3,1.9,28.6,1.9,58,238,4,16,44.8,37,4.1,34.0,8.3,60,4.2,251,4,1,
235,Felix Jones,26,PIT,RB,16,2,13,9,63,7.0,0,2,53.8,15,0.6,3.9,69.2,4.8,48,184,0,9,37.5,14,3.8,11.5,3.0,57,4.3,247,0,1,
236,Michael Bush,29,CHI,RB,15,0,8,4,48,12.0,1,2,50.0,17,0.3,3.2,50.0,6.0,63,197,3,10,33.3,40,3.1,13.1,4.2,67,3.7,245,4,0,
237,Miles Austin,29,DAL,WR,11,8,49,24,244,10.2,0,15,44.9,20,2.2,22.2,49.0,5.0,0,0,0,0,,,,0.0,0.0,24,10.2,244,0,0,
238,Ryan Griffin,23,HOU,TE,15,8,28,19,244,12.8,1,14,57.1,40,1.3,16.3,67.9,8.7,0,0,0,0,,,,0.0,0.0,19,12.8,244,1,0,
239,Earl Bennett,26,CHI,WR,15,3,43,32,243,7.6,4,14,51.2,17,2.1,16.2,74.4,5.7,0,0,0,0,,,,0.0,0.0,32,7.6,243,4,0,
240,Ryan Tannehill,25,MIA,QB,16,16,0,0,0,,0,0,,,0.0,0.0,,,40,238,1,12,47.5,48,6.0,14.9,2.5,40,6.0,238,1,9,
241,Fozzy Whittaker,24,CLE,RB,11,2,36,21,155,7.4,2,6,41.7,35,1.9,14.1,58.3,4.3,28,79,0,3,42.9,11,2.8,7.2,2.5,49,4.8,234,2,0,
242,Sidney Rice,27,SEA,WR,8,6,35,15,231,15.4,3,11,40.0,31,1.9,28.9,42.9,6.6,0,0,0,0,,,,0.0,0.0,15,15.4,231,3,1,
243,Dennis Johnson,23,HOU,RB,8,1,12,8,46,5.8,0,2,33.3,14,1.0,5.8,66.7,3.8,49,183,0,8,42.9,29,3.7,22.9,6.1,57,4.0,229,0,0,
244,Kerry Taylor,24,2TM,WR,10,4,34,22,229,10.4,1,12,52.9,17,2.2,22.9,64.7,6.7,0,0,0,0,,,,0.0,0.0,22,10.4,229,1,0,
244,Kerry Taylor,24,ARI,WR,3,0,4,3,40,13.3,0,3,75.0,17,1.0,13.3,75.0,10.0,0,0,0,0,,,,0.0,0.0,3,13.3,40,0,0,
244,Kerry Taylor,24,JAX,WR,7,4,30,19,189,9.9,1,9,50.0,17,2.7,27.0,63.3,6.3,0,0,0,0,,,,0.0,0.0,19,9.9,189,1,0,
245,Edwin Baker,22,CLE,RB,3,2,9,8,57,7.1,0,3,66.7,16,2.7,19.0,88.9,6.3,43,171,2,11,53.5,20,4.0,57.0,14.3,51,4.5,228,2,0,
246,Ahmad Bradshaw,27,IND,RB,3,2,8,7,42,6.0,0,3,50.0,14,2.3,14.0,87.5,5.3,41,186,2,11,51.2,27,4.5,62.0,13.7,48,4.8,228,2,0,
247,Josh Morgan,28,WAS,WR,14,7,34,20,214,10.7,0,14,50.0,21,1.4,15.3,58.8,6.3,2,13,0,0,0.0,9,6.5,0.9,0.1,22,10.3,227,0,2,
248,Ben Watson,33,NOR,TE,15,7,30,19,226,11.9,2,14,56.7,32,1.3,15.1,63.3,7.5,0,0,0,0,,,,0.0,0.0,19,11.9,226,2,0,
249,Ryan Fitzpatrick,31,TEN,QB,11,9,1,1,0,0.0,0,0,0.0,,0.1,0.0,100.0,0.0,43,225,3,17,46.5,26,5.2,20.5,3.9,44,5.1,225,3,9,
250,Joseph Randle,22,DAL,RB,13,2,10,8,61,7.6,0,2,70.0,13,0.6,4.7,80.0,6.1,54,164,2,7,40.7,19,3.0,12.6,4.2,62,3.6,225,2,0,
251,Khiry Robinson,24,NOR,RB,10,0,0,0,0,,0,0,,,0.0,0.0,,,54,224,1,12,40.7,25,4.1,22.4,5.4,54,4.1,224,1,0,
252,Jonathan Stewart,26,CAR,RB,6,1,7,7,44,6.3,0,3,57.1,16,1.2,7.3,100.0,6.3,48,180,0,7,41.7,16,3.8,30.0,8.0,55,4.1,224,0,1,
253,Nick Foles,24,PHI,QB,13,10,0,0,0,,0,0,,,0.0,0.0,,,57,221,3,16,40.4,21,3.9,17.0,4.4,57,3.9,221,3,4,PB
254,Ronnie Brown,32,SDG,RB,16,0,8,8,60,7.5,0,3,62.5,15,0.5,3.8,100.0,7.5,45,157,1,10,35.6,13,3.5,9.8,2.8,53,4.1,217,1,0,
255,Drew Davis,24,ATL,WR,16,3,19,12,216,18.0,2,9,52.6,59,0.8,13.5,63.2,11.4,0,0,0,0,,,,0.0,0.0,12,18.0,216,2,0,
256,Mike Williams,26,TAM,WR,6,5,40,22,216,9.8,2,12,40.0,28,3.7,36.0,55.0,5.4,0,0,0,0,,,,0.0,0.0,22,9.8,216,2,0,
257,Jim Dray,27,ARI,TE,16,15,32,26,215,8.3,2,14,65.6,18,1.6,13.4,81.3,6.7,0,0,0,0,,,,0.0,0.0,26,8.3,215,2,1,
258,Darius Johnson,22,ATL,WR,10,2,43,22,210,9.5,1,13,32.6,17,2.2,21.0,51.2,4.9,0,0,0,0,,,,0.0,0.0,22,9.5,210,1,1,
259,Lance Dunbar,23,DAL,RB,9,0,7,7,59,8.4,0,3,71.4,17,0.8,6.6,100.0,8.4,30,150,0,9,56.7,45,5.0,16.7,3.3,37,5.6,209,0,1,
260,Andre Caldwell,28,DEN,WR,16,2,29,16,200,12.5,3,12,44.8,36,1.0,12.5,55.2,6.9,1,7,0,0,100.0,7,7.0,0.4,0.1,17,12.2,207,3,0,
261,Joseph Fauria,23,DET,TE,16,2,30,18,207,11.5,7,14,53.3,25,1.1,12.9,60.0,6.9,0,0,0,0,,,,0.0,0.0,18,11.5,207,7,0,
262,Andrew Hawkins,27,CIN,WR,8,0,18,12,199,16.6,0,8,44.4,50,1.5,24.9,66.7,11.1,2,3,0,1,50.0,6,1.5,0.4,0.3,14,14.4,202,0,1,
263,Anthony Fasano,29,KAN,TE,9,9,33,23,200,8.7,3,12,51.5,20,2.6,22.2,69.7,6.1,0,0,0,0,,,,0.0,0.0,23,8.7,200,3,0,
264,Da'Rick Rogers,22,IND,WR,5,3,23,14,192,13.7,2,9,52.2,69,2.8,38.4,60.9,8.3,1,0,0,0,0.0,,0.0,0.0,0.2,15,12.8,192,2,0,
265,EJ Manuel,23,BUF,QB,10,10,0,0,0,,0,0,,,0.0,0.0,,,53,186,2,18,41.5,19,3.5,18.6,5.3,53,3.5,186,2,6,
266,Stepfan Taylor,22,ARI,RB,16,0,9,8,71,8.9,0,2,33.3,29,0.5,4.4,88.9,7.9,36,115,0,6,30.6,15,3.2,7.2,2.3,44,4.2,186,0,0,
267,Tashard Choice,29,2TM,RB,15,0,9,5,15,3.0,0,1,22.2,5,0.3,1.0,55.6,1.7,46,170,0,8,47.8,20,3.7,11.3,3.1,51,3.6,185,0,0,
267,Tashard Choice,29,BUF,RB,12,0,8,4,10,2.5,0,0,12.5,5,0.3,0.8,50.0,1.3,35,126,0,7,54.3,20,3.6,10.5,2.9,39,3.5,136,0,0,
267,Tashard Choice,29,IND,RB,3,0,1,1,5,5.0,0,1,100.0,5,0.3,1.7,100.0,5.0,11,44,0,1,27.3,8,4.0,14.7,3.7,12,4.1,49,0,0,
268,Jacob Tamme,28,DEN,TE,16,1,25,20,184,9.2,1,14,76.0,15,1.3,11.5,80.0,7.4,0,0,0,0,,,,0.0,0.0,20,9.2,184,1,0,
269,Andy Dalton,26,CIN,QB,16,16,0,0,0,,0,0,,,0.0,0.0,,,61,183,2,15,39.3,12,3.0,11.4,3.8,61,3.0,183,2,4,
270,Matt Asiata,26,MIN,RB,11,1,8,5,13,2.6,0,1,37.5,8,0.5,1.2,62.5,1.6,44,166,3,11,52.3,39,3.8,15.1,4.0,49,3.7,179,3,1,
271,Jackie Battle,30,TEN,RB,16,0,5,4,36,9.0,0,1,20.0,24,0.3,2.3,80.0,7.2,36,142,1,7,33.3,37,3.9,8.9,2.3,40,4.5,178,1,0,
272,Damian Williams,25,TEN,WR,10,1,23,15,178,11.9,0,10,60.9,32,1.5,17.8,65.2,7.7,0,0,0,0,,,,0.0,0.0,15,11.9,178,0,2,
273,Da'Rel Scott,25,NYG,RB,5,1,19,11,102,9.3,1,3,42.1,23,2.2,20.4,57.9,5.4,20,73,0,3,35.0,16,3.7,14.6,4.0,31,5.6,175,1,0,
274,Dennis Pitta,28,BAL,TE,4,1,33,20,169,8.5,1,11,48.5,18,5.0,42.3,60.6,5.1,0,0,0,0,,,,0.0,0.0,20,8.5,169,1,0,
275,LaVon Brazill,24,IND,WR,10,0,27,12,161,13.4,2,7,37.0,29,1.2,16.1,44.4,6.0,0,0,0,0,,,,0.0,0.0,12,13.4,161,2,1,
276,Chris Polk,24,PHI,RB,15,0,5,4,61,15.3,0,1,60.0,34,0.3,4.1,80.0,12.2,11,98,3,5,63.6,38,8.9,6.5,0.7,15,10.6,159,3,0,
277,Anthony Sherman,25,KAN,RB,16,8,24,18,155,8.6,1,8,54.2,26,1.1,9.7,75.0,6.5,2,3,0,1,50.0,2,1.5,0.2,0.1,20,7.9,158,1,1,
278,Jake Locker,25,TEN,QB,7,7,0,0,0,,0,0,,,0.0,0.0,,,24,155,2,10,50.0,39,6.5,22.1,3.4,24,6.5,155,2,3,
279,DeVier Posey,23,HOU,WR,14,0,25,15,155,10.3,0,5,24.0,42,1.1,11.1,60.0,6.2,0,0,0,0,,,,0.0,0.0,15,10.3,155,0,0,
280,Antone Smith,28,ATL,RB,15,0,3,2,10,5.0,0,0,0.0,6,0.1,0.7,66.7,3.3,5,145,2,4,100.0,50,29.0,9.7,0.3,7,22.1,155,2,0,
281,David Wilson,22,NYG,RB,5,4,6,2,8,4.0,0,0,16.7,6,0.4,1.6,33.3,1.3,44,146,1,10,45.5,18,3.3,29.2,8.8,46,3.3,154,1,2,
282,Christian Ponder,25,MIN,QB,9,9,0,0,0,,0,0,,,0.0,0.0,,,34,151,4,12,41.2,19,4.4,16.8,3.8,34,4.4,151,4,7,
283,Travis Benjamin,24,CLE,WR,8,3,13,5,105,21.0,0,4,38.5,39,0.6,13.1,38.5,8.1,1,45,0,1,100.0,45,45.0,5.6,0.1,6,25.0,150,0,2,
284,Malcom Floyd,32,SDG,WR,2,2,11,6,149,24.8,0,5,54.5,47,3.0,74.5,54.5,13.5,0,0,0,0,,,,0.0,0.0,6,24.8,149,0,0,
285,Jonathan Grimes,24,HOU,RB,2,1,6,6,76,12.7,0,2,66.7,31,3.0,38.0,100.0,12.7,21,73,1,6,47.6,12,3.5,36.5,10.5,27,5.5,149,1,1,
286,Greg Salas,25,NYJ,WR,8,0,13,8,143,17.9,0,5,53.8,44,1.0,17.9,61.5,11.0,0,0,0,0,,,,0.0,0.0,8,17.9,143,0,0,
287,Jaron Brown,23,ARI,WR,16,0,17,11,140,12.7,1,6,52.9,32,0.7,8.8,64.7,8.2,0,0,0,0,,,,0.0,0.0,11,12.7,140,1,0,
288,Johnathan Franklin,24,GNB,RB,11,0,5,4,30,7.5,0,2,80.0,10,0.4,2.7,80.0,6.0,19,107,1,7,52.6,51,5.6,9.7,1.7,23,6.0,137,1,2,
289,Brittan Golden,25,ARI,WR,5,0,10,4,136,34.0,0,3,30.0,63,0.8,27.2,40.0,13.6,0,0,0,0,,,,0.0,0.0,4,34.0,136,0,0,
290,Michael Hoomanawanui,25,NWE,TE,13,10,19,12,136,11.3,1,8,42.1,19,0.9,10.5,63.2,7.2,0,0,0,0,,,,0.0,0.0,12,11.3,136,1,0,
291,A.J. Jenkins,24,KAN,WR,16,1,17,8,130,16.3,0,4,29.4,48,0.5,8.1,47.1,7.6,2,6,0,0,50.0,5,3.0,0.4,0.1,10,13.6,136,0,0,
292,Kyle Williams,25,SFO,WR,9,5,27,12,113,9.4,0,5,37.0,16,1.3,12.6,44.4,4.2,2,23,0,2,100.0,13,11.5,2.6,0.2,14,9.7,136,0,2,
293,Stanley Havili,26,IND,RB,13,8,21,18,128,7.1,1,6,52.4,20,1.4,9.8,85.7,6.1,7,7,0,1,14.3,4,1.0,0.5,0.5,25,5.4,135,1,0,
294,Gavin Escobar,22,DAL,TE,16,1,15,9,134,14.9,2,7,53.3,25,0.6,8.4,60.0,8.9,0,0,0,0,,,,0.0,0.0,9,14.9,134,2,0,
295,Chase Ford,23,MIN,TE,9,0,16,11,133,12.1,0,8,43.8,37,1.2,14.8,68.8,8.3,0,0,0,0,,,,0.0,0.0,11,12.1,133,0,0,
296,Tommy Bohanon,23,NYJ,RB,16,8,16,11,69,6.3,0,4,43.8,21,0.7,4.3,68.8,4.3,17,62,0,4,58.8,8,3.6,3.9,1.1,28,4.7,131,0,0,
297,Joe Flacco,28,BAL,QB,16,16,0,0,0,,0,0,,,0.0,0.0,,,27,131,1,12,59.3,22,4.9,8.2,1.7,27,4.9,131,1,8,
298,Gary Barnidge,28,CLE,TE,16,12,18,13,127,9.8,2,6,50.0,40,0.8,7.9,72.2,7.1,0,0,0,0,,,,0.0,0.0,13,9.8,127,2,0,
299,Junior Hemingway,25,KAN,WR,16,2,20,13,125,9.6,2,6,40.0,24,0.8,7.8,65.0,6.3,0,0,0,0,,,,0.0,0.0,13,9.6,125,2,2,
300,Frank Summers,28,BUF,RB,15,9,8,7,79,11.3,1,5,87.5,34,0.5,5.3,87.5,9.9,12,46,1,3,50.0,16,3.8,3.1,0.8,19,6.6,125,2,0,
301,Clyde Gates,27,NYJ,WR,6,2,24,12,122,10.2,0,5,29.2,34,2.0,20.3,50.0,5.1,0,0,0,0,,,,0.0,0.0,12,10.2,122,0,0,
302,Alfonso Smith,26,ARI,RB,16,0,13,10,68,6.8,0,1,69.2,10,0.6,4.3,76.9,5.2,18,54,1,5,50.0,21,3.0,3.4,1.1,28,4.4,122,1,2,
303,Josh Boyce,22,NWE,WR,9,3,19,9,121,13.4,0,6,42.1,30,1.0,13.4,47.4,6.4,0,0,0,0,,,,0.0,0.0,9,13.4,121,0,0,
304,Brandon Bostick,24,GNB,TE,11,0,14,7,120,17.1,1,5,35.7,26,0.6,10.9,50.0,8.6,0,0,0,0,,,,0.0,0.0,7,17.1,120,1,0,
305,Aaron Rodgers,30,GNB,QB,9,9,0,0,0,,0,0,,,0.0,0.0,,,30,120,0,11,50.0,18,4.0,13.3,3.3,30,4.0,120,0,4,
306,John Kuhn,31,GNB,RB,15,6,19,13,81,6.2,0,2,47.4,20,0.9,5.4,68.4,4.3,10,38,1,7,70.0,12,3.8,2.5,0.7,23,5.2,119,1,1,
307,Vance McDonald,23,SFO,TE,15,4,19,8,119,14.9,0,5,36.8,25,0.5,7.9,42.1,6.3,0,0,0,0,,,,0.0,0.0,8,14.9,119,0,0,
308,Jay Cutler,30,CHI,QB,11,11,0,0,0,,0,0,,,0.0,0.0,,,23,118,0,7,43.5,18,5.1,10.7,2.1,23,5.1,118,0,5,
309,Brandon Stokley,37,BAL,WR,6,0,21,13,115,8.8,0,8,42.9,18,2.2,19.2,61.9,5.5,0,0,0,0,,,,0.0,0.0,13,8.8,115,0,0,
310,Marcus Thigpen,27,MIA,RB,16,0,11,8,97,12.1,1,4,54.5,50,0.5,6.1,72.7,8.8,6,18,0,1,33.3,9,3.0,1.1,0.4,14,8.2,115,1,3,
311,Jacoby Ford,26,OAK,WR,14,1,24,13,99,7.6,0,5,33.3,22,0.9,7.1,54.2,4.1,5,15,0,0,20.0,4,3.0,1.1,0.4,18,6.3,114,0,4,
312,Chris Owusu,23,TAM,WR,9,4,20,13,114,8.8,0,5,50.0,20,1.4,12.7,65.0,5.7,0,0,0,0,,,,0.0,0.0,13,8.8,114,0,0,
313,Justin Forsett,28,JAX,RB,9,0,16,15,82,5.5,0,5,31.3,14,1.7,9.1,93.8,5.1,6,31,0,1,33.3,10,5.2,3.4,0.7,21,5.4,113,0,1,
314,Cory Harkey,23,STL,RB,15,10,18,13,113,8.7,2,7,61.1,31,0.9,7.5,72.2,6.3,0,0,0,0,,,,0.0,0.0,13,8.7,113,2,0,
315,Darrel Young,26,WAS,RB,13,7,9,4,71,17.8,1,1,22.2,62,0.3,5.5,44.4,7.9,12,41,3,7,58.3,19,3.4,3.2,0.9,16,7.0,112,4,0,
316,Jason Campbell,32,CLE,QB,9,8,0,0,0,,0,0,,,0.0,0.0,,,14,107,0,6,50.0,21,7.6,11.9,1.6,14,7.6,107,0,3,
317,Jeremy Ross,25,2TM,WR,13,2,12,6,67,11.2,1,6,50.0,19,0.5,5.2,50.0,5.6,2,40,0,2,100.0,24,20.0,3.1,0.2,8,13.4,107,1,2,
317,Jeremy Ross,25,GNB,WR,3,0,2,1,8,8.0,0,1,50.0,8,0.3,2.7,50.0,4.0,0,0,0,0,,,,0.0,0.0,1,8.0,8,0,1,
317,Jeremy Ross,25,DET,WR,10,2,10,5,59,11.8,1,5,50.0,19,0.5,5.9,50.0,5.9,2,40,0,2,100.0,24,20.0,4.0,0.2,7,14.1,99,1,1,
318,Ben Roethlisberger,31,PIT,QB,16,16,0,0,5,,0,0,,5,0.0,0.3,,,27,99,1,5,33.3,19,3.7,6.2,1.7,27,3.9,104,1,9,
319,Brice Butler,23,OAK,WR,10,2,17,9,103,11.4,0,4,29.4,29,0.9,10.3,52.9,6.1,0,0,0,0,,,,0.0,0.0,9,11.4,103,0,0,
320,David Paulson,24,PIT,TE,16,4,10,6,102,17.0,0,3,50.0,34,0.4,6.4,60.0,10.2,0,0,0,0,,,,0.0,0.0,6,17.0,102,0,1,
321,Jed Collins,27,NOR,RB,16,8,17,14,54,3.9,0,3,52.9,8,0.9,3.4,82.4,3.2,15,45,1,9,66.7,12,3.0,2.8,0.9,29,3.4,99,1,0,
322,Isaiah Pead,24,STL,RB,10,0,15,11,78,7.1,0,3,46.7,14,1.1,7.8,73.3,5.2,7,21,0,2,42.9,11,3.0,2.1,0.7,18,5.5,99,0,0,
323,Kenny Britt,25,TEN,WR,12,3,35,11,96,8.7,0,5,31.4,15,0.9,8.0,31.4,2.7,0,0,0,0,,,,0.0,0.0,11,8.7,96,0,0,
324,Deonte Thompson,24,BAL,WR,7,0,20,10,96,9.6,0,4,45.0,33,1.4,13.7,50.0,4.8,0,0,0,0,,,,0.0,0.0,10,9.6,96,0,0,
325,Dan Herron,24,IND,RB,6,0,1,1,57,57.0,0,1,100.0,57,0.2,9.5,100.0,57.0,5,33,0,2,80.0,22,6.6,5.5,0.8,6,15.0,90,0,0,
326,Jeron Mastrud,26,OAK,TE,16,12,13,6,88,14.7,0,3,38.5,41,0.4,5.5,46.2,6.8,0,0,0,0,,,,0.0,0.0,6,14.7,88,0,0,
327,Anthony Dixon,26,SFO,RB,16,1,3,3,30,10.0,0,1,66.7,19,0.2,1.9,100.0,10.0,28,56,2,6,39.3,9,2.0,3.5,1.8,31,2.8,86,2,0,
328,Dwayne Harris,26,DAL,WR,13,3,14,9,80,8.9,2,5,50.0,24,0.7,6.2,64.3,5.7,1,6,0,0,100.0,6,6.0,0.5,0.1,10,8.6,86,2,2,
329,Ryan Broyles,25,DET,WR,6,3,14,8,85,10.6,0,4,50.0,22,1.3,14.2,57.1,6.1,0,0,0,0,,,,0.0,0.0,8,10.6,85,0,0,
330,Mario Manningham,27,SFO,WR,6,3,23,9,85,9.4,0,5,30.4,14,1.5,14.2,39.1,3.7,0,0,0,0,,,,0.0,0.0,9,9.4,85,0,0,
331,Chris Hogan,26,BUF,WR,16,0,17,10,83,8.3,0,4,52.9,16,0.6,5.2,58.8,4.9,0,0,0,0,,,,0.0,0.0,10,8.3,83,0,0,
332,Bear Pascoe,27,NYG,TE,16,6,20,12,81,6.8,0,3,30.0,14,0.8,5.1,60.0,4.1,1,2,0,0,0.0,2,2.0,0.1,0.1,13,6.4,83,0,0,
333,Eric Page,22,TAM,WR,16,1,9,4,68,17.0,0,3,33.3,30,0.3,4.3,44.4,7.6,2,14,0,1,50.0,19,7.0,0.9,0.1,6,13.7,82,0,3,
334,Tony Scheffler,30,DET,TE,5,1,12,7,82,11.7,0,5,50.0,22,1.4,16.4,58.3,6.8,0,0,0,0,,,,0.0,0.0,7,11.7,82,0,0,
335,Mike Goodson,26,NYJ,RB,2,0,3,2,19,9.5,0,2,66.7,10,1.0,9.5,66.7,6.3,7,61,0,2,42.9,26,8.7,30.5,3.5,9,8.9,80,0,0,
336,Ricardo Lockette,27,SEA,WR,8,1,7,5,82,16.4,0,3,71.4,33,0.6,10.3,71.4,11.7,1,-2,0,0,0.0,-2,-2.0,-0.3,0.1,6,13.3,80,0,0,
337,Christine Michael,23,SEA,RB,4,0,0,0,0,,0,0,,,0.0,0.0,,,18,79,0,5,61.1,13,4.4,19.8,4.5,18,4.4,79,0,0,
338,Taiwan Jones,25,OAK,RB,16,0,3,2,55,27.5,0,1,33.3,52,0.1,3.4,66.7,18.3,5,23,0,1,20.0,19,4.6,1.4,0.3,7,11.1,78,0,2,
339,Lee Smith,26,BUF,TE,16,14,9,5,78,15.6,0,4,44.4,28,0.3,4.9,55.6,8.7,0,0,0,0,,,,0.0,0.0,5,15.6,78,0,0,
340,Chad Henne,28,JAX,QB,15,13,0,0,0,,0,0,,,0.0,0.0,,,27,77,0,7,37.0,14,2.9,5.1,1.8,27,2.9,77,0,2,
341,Jake Ballard,26,ARI,TE,8,3,9,7,75,10.7,2,5,66.7,29,0.9,9.4,77.8,8.3,0,0,0,0,,,,0.0,0.0,7,10.7,75,2,0,
342,LaMichael James,24,SFO,RB,10,0,3,2,16,8.0,0,1,66.7,12,0.2,1.6,66.7,5.3,12,59,0,2,33.3,21,4.9,5.9,1.2,14,5.4,75,0,2,
343,Patrick Peterson,23,ARI,LCB,16,16,8,6,54,9.0,0,3,50.0,19,0.4,3.4,75.0,6.8,4,21,0,2,50.0,12,5.3,1.3,0.3,10,7.5,75,0,3,"PB,AP-1"
344,James Hanna,24,DAL,TE,16,8,15,12,73,6.1,0,2,46.7,21,0.8,4.6,80.0,4.9,0,0,0,0,,,,0.0,0.0,12,6.1,73,0,0,
345,James Develin,25,NWE,TE,16,6,4,4,62,15.5,0,3,75.0,31,0.3,3.9,100.0,15.5,4,10,1,4,100.0,4,2.5,0.6,0.3,8,9.0,72,1,0,
346,Case Keenum,25,HOU,QB,8,8,0,0,0,,0,0,,,0.0,0.0,,,14,72,1,6,64.3,22,5.1,9.0,1.8,14,5.1,72,1,6,
347,Marlon Moore,26,2TM,WR,14,0,15,7,62,8.9,0,4,33.3,13,0.5,4.4,46.7,4.1,1,9,0,0,0.0,9,9.0,0.6,0.1,8,8.9,71,0,0,
347,Marlon Moore,26,SFO,WR,6,0,4,1,6,6.0,0,0,0.0,6,0.2,1.0,25.0,1.5,1,9,0,0,0.0,9,9.0,1.5,0.2,2,7.5,15,0,0,
347,Marlon Moore,26,MIA,WR,8,0,11,6,56,9.3,0,4,45.5,13,0.8,7.0,54.5,5.1,0,0,0,0,,,,0.0,0.0,6,9.3,56,0,0,
348,Fred Davis,27,WAS,TE,10,3,18,7,70,10.0,1,5,27.8,23,0.7,7.0,38.9,3.9,0,0,0,0,,,,0.0,0.0,7,10.0,70,1,0,
349,Cyrus Gray,24,KAN,RB,16,0,10,7,46,6.6,0,2,30.0,18,0.4,2.9,70.0,4.6,9,24,0,1,22.2,9,2.7,1.5,0.6,16,4.4,70,0,0,
350,David Johnson,26,PIT,TE,5,2,6,4,70,17.5,0,3,66.7,32,0.8,14.0,66.7,11.7,0,0,0,0,,,,0.0,0.0,4,17.5,70,0,0,
351,Vonta Leach,32,BAL,RB,16,7,20,11,47,4.3,1,3,25.0,12,0.7,2.9,55.0,2.4,11,23,0,2,36.4,6,2.1,1.4,0.7,22,3.2,70,1,1,
352,Tyrod Taylor,24,BAL,QB,3,0,1,1,6,6.0,0,0,0.0,6,0.3,2.0,100.0,6.0,8,64,0,5,62.5,25,8.0,21.3,2.7,9,7.8,70,0,0,
353,Michael Egnew,24,MIA,TE,16,5,11,7,69,9.9,0,2,45.5,14,0.4,4.3,63.6,6.3,0,0,0,0,,,,0.0,0.0,7,9.9,69,0,0,
354,Josh McCown,34,CHI,QB,8,5,0,0,0,,0,0,,,0.0,0.0,,,13,69,1,5,53.8,20,5.3,8.6,1.6,13,5.3,69,1,3,
355,Jamize Olawale,24,OAK,FB,16,1,11,7,63,9.0,0,3,45.5,25,0.4,3.9,63.6,5.7,3,6,0,0,33.3,4,2.0,0.4,0.2,10,6.9,69,0,0,
356,Matthew Stafford,25,DET,QB,16,16,0,0,0,,0,0,,,0.0,0.0,,,37,69,2,13,40.5,14,1.9,4.3,2.3,37,1.9,69,2,12,
357,Nick Toon,25,NOR,WR,8,3,12,4,68,17.0,0,2,25.0,35,0.5,8.5,33.3,5.7,0,0,0,0,,,,0.0,0.0,4,17.0,68,0,0,
358,Stephen Burton,24,JAX,WR,4,2,13,8,76,9.5,0,4,46.2,22,2.0,19.0,61.5,5.8,1,-9,0,0,0.0,-9,-9.0,-2.3,0.3,9,7.4,67,0,0,
359,Jeff Maehl,24,PHI,WR,16,0,9,4,67,16.8,1,3,44.4,37,0.3,4.2,44.4,7.4,0,0,0,0,,,,0.0,0.0,4,16.8,67,1,0,
360,Denard Robinson,23,JAX,WR,16,0,1,0,0,,0,0,0.0,,0.0,0.0,0.0,0.0,20,66,0,3,35.0,24,3.3,4.1,1.3,20,3.3,66,0,3,
361,Myles White,23,GNB,WR,7,0,12,9,66,7.3,0,1,41.7,15,1.3,9.4,75.0,5.5,0,0,0,0,,,,0.0,0.0,9,7.3,66,0,0,
362,Derrick Coleman,23,SEA,RB,12,3,8,8,62,7.8,1,4,87.5,12,0.7,5.2,100.0,7.8,2,3,0,0,0.0,4,1.5,0.3,0.2,10,6.5,65,1,1,
363,Matt Flynn,28,2TM,QB,7,5,0,0,0,,0,0,,,0.0,0.0,,,20,65,0,5,15.0,17,3.3,9.3,2.9,20,3.3,65,0,7,
363,Matt Flynn,28,OAK,QB,2,1,0,0,0,,0,0,,,0.0,0.0,,,3,4,0,1,33.3,2,1.3,2.0,1.5,3,1.3,4,0,3,
363,Matt Flynn,28,GNB,QB,5,4,0,0,0,,0,0,,,0.0,0.0,,,17,61,0,4,11.8,17,3.6,12.2,3.4,17,3.6,61,0,4,
364,Seyi Ajirotutu,26,SDG,WR,14,0,4,3,64,21.3,1,3,75.0,26,0.2,4.6,75.0,16.0,0,0,0,0,,,,0.0,0.0,3,21.3,64,1,0,
365,Kellen Clemens,30,STL,QB,10,9,0,0,0,,0,0,,,0.0,0.0,,,23,64,0,5,30.4,16,2.8,6.4,2.3,23,2.8,64,0,7,
366,Markus Wheaton,22,PIT,WR,12,1,13,6,64,10.7,0,5,38.5,21,0.5,5.3,46.2,4.9,0,0,0,0,,,,0.0,0.0,6,10.7,64,0,0,
367,Austin Collie,28,NWE,WR,7,1,11,6,63,10.5,0,6,54.5,19,0.9,9.0,54.5,5.7,0,0,0,0,,,,0.0,0.0,6,10.5,63,0,0,
368,Danny Noble,24,JAX,TE,8,1,3,2,63,31.5,1,1,33.3,62,0.3,7.9,66.7,21.0,0,0,0,0,,,,0.0,0.0,2,31.5,63,1,0,
369,Philip Rivers,32,SDG,QB,16,16,1,0,-9,,0,0,0.0,-9,0.0,-0.6,0.0,-9.0,28,72,0,5,32.1,18,2.6,4.5,1.8,28,2.3,63,0,3,"PB,AP CPoY-1"
370,Zach Sudfeld,24,2TM,TE,14,2,10,5,63,12.6,0,4,50.0,25,0.4,4.5,50.0,6.3,0,0,0,0,,,,0.0,0.0,5,12.6,63,0,0,
370,Zach Sudfeld,24,NWE,TE,3,0,3,0,0,,0,0,0.0,,0.0,0.0,0.0,0.0,0,0,0,0,,,,0.0,0.0,0,,0,0,0,
370,Zach Sudfeld,24,NYJ,TE,11,2,7,5,63,12.6,0,4,71.4,25,0.5,5.7,71.4,9.0,0,0,0,0,,,,0.0,0.0,5,12.6,63,0,0,
371,Josh Cribbs,30,NYJ,WR,6,0,2,2,6,3.0,0,0,0.0,5,0.3,1.0,100.0,3.0,13,55,0,2,46.2,9,4.2,9.2,2.2,15,4.1,61,0,0,
372,Rhett Ellison,25,MIN,RB,11,6,10,5,61,12.2,1,4,50.0,17,0.5,5.5,50.0,6.1,0,0,0,0,,,,0.0,0.0,5,12.2,61,1,0,
373,Dane Sanzenbacher,25,CIN,WR,10,1,8,6,61,10.2,0,3,75.0,23,0.6,6.1,75.0,7.6,0,0,0,0,,,,0.0,0.0,6,10.2,61,0,0,
374,Josh Cooper,24,CLE,WR,5,0,14,9,60,6.7,0,5,42.9,16,1.8,12.0,64.3,4.3,0,0,0,0,,,,0.0,0.0,9,6.7,60,0,0,
375,Quinton Patton,23,SFO,WR,6,0,5,3,34,11.3,0,1,20.0,29,0.5,5.7,60.0,6.8,1,26,0,1,100.0,26,26.0,4.3,0.2,4,15.0,60,0,0,
376,Vick Ballard,23,IND,RB,1,1,2,1,-5,-5.0,0,0,0.0,-5,1.0,-5.0,50.0,-2.5,13,63,0,4,46.2,12,4.8,63.0,13.0,14,4.1,58,0,0,
377,Matt Cassel,31,MIN,QB,9,6,0,0,0,,0,0,,,0.0,0.0,,,18,57,1,3,27.8,13,3.2,6.3,2.0,18,3.2,57,1,3,
378,Tony Fiammetta,27,CHI,FB,16,7,6,4,57,14.3,0,2,66.7,30,0.3,3.6,66.7,9.5,0,0,0,0,,,,0.0,0.0,4,14.3,57,0,0,
379,Michael Cox,25,NYG,RB,14,1,3,3,12,4.0,0,1,33.3,11,0.2,0.9,100.0,4.0,22,43,0,1,22.7,9,2.0,3.1,1.6,25,2.2,55,0,0,
380,Domenik Hixon,29,CAR,WR,15,0,9,7,55,7.9,1,2,33.3,14,0.5,3.7,77.8,6.1,0,0,0,0,,,,0.0,0.0,7,7.9,55,1,0,
381,Matt Ryan,28,ATL,QB,16,16,0,0,0,,0,0,,,0.0,0.0,,,17,55,0,5,35.3,17,3.2,3.4,1.1,17,3.2,55,0,5,
382,Levine Toilolo,22,ATL,TE,16,3,15,11,55,5.0,2,4,53.3,12,0.7,3.4,73.3,3.7,0,0,0,0,,,,0.0,0.0,11,5.0,55,2,0,
383,Scott Tolzien,26,GNB,QB,3,2,0,0,0,,0,0,,,0.0,0.0,,,5,55,1,4,100.0,19,11.0,18.3,1.7,5,11.0,55,1,0,
384,Chris Gragg,23,BUF,TE,9,1,7,5,53,10.6,1,4,71.4,28,0.6,5.9,71.4,7.6,0,0,0,0,,,,0.0,0.0,5,10.6,53,1,0,
385,Drew Brees,34,NOR,QB,16,16,0,0,0,,0,0,,,0.0,0.0,,,35,52,3,6,28.6,16,1.5,3.3,2.2,35,1.5,52,3,6,"PB,AP OPoY-4"
386,Chase Daniel,27,KAN,QB,5,1,0,0,0,,0,0,,,0.0,0.0,,,14,52,0,3,35.7,29,3.7,10.4,2.8,14,3.7,52,0,0,
387,Thaddeus Lewis,28,BUF,QB,6,5,0,0,0,,0,0,,,0.0,0.0,,,24,52,1,6,37.5,8,2.2,8.7,4.0,24,2.2,52,1,7,
388,MarQueis Gray,24,CLE,TE,12,2,9,2,8,4.0,0,0,0.0,5,0.2,0.7,22.2,0.9,6,43,0,3,50.0,18,7.2,3.6,0.5,8,6.4,51,0,0,
389,Niles Paul,24,WAS,WR,15,4,8,4,51,12.8,0,2,50.0,25,0.3,3.4,50.0,6.4,0,0,0,0,,,,0.0,0.0,4,12.8,51,0,0,
390,Theo Riddick,22,DET,RB,14,0,8,4,26,6.5,0,1,37.5,8,0.3,1.9,50.0,3.3,9,25,1,2,44.4,7,2.8,1.8,0.6,13,3.9,51,1,0,
391,Teddy Williams,25,ARI,DB,3,0,1,1,51,51.0,0,1,100.0,51,0.3,17.0,100.0,51.0,0,0,0,0,,,,0.0,0.0,1,51.0,51,0,0,
392,Deji Karim,27,HOU,RB,7,0,2,1,-1,-1.0,0,0,0.0,-1,0.1,-0.1,50.0,-0.5,12,51,0,3,58.3,14,4.3,7.3,1.7,13,3.8,50,0,0,
393,Patrick DiMarco,24,ATL,RB,14,7,10,8,49,6.1,0,1,50.0,12,0.6,3.5,80.0,4.9,0,0,0,0,,,,0.0,0.0,8,6.1,49,0,0,
394,Joel Dreessen,31,DEN,TE,13,0,9,7,47,6.7,1,3,44.4,14,0.5,3.6,77.8,5.2,0,0,0,0,,,,0.0,0.0,7,6.7,47,1,0,
395,Erik Lorig,27,TAM,RB,15,9,14,11,47,4.3,0,2,28.6,20,0.7,3.1,78.6,3.4,0,0,0,0,,,,0.0,0.0,11,4.3,47,0,0,
396,Patrick Edwards,25,DET,WR,4,2,11,5,46,9.2,0,2,45.5,11,1.3,11.5,45.5,4.2,0,0,0,0,,,,0.0,0.0,5,9.2,46,0,0,
397,Michael Hill,24,TAM,RB,6,0,2,2,23,11.5,0,1,50.0,12,0.3,3.8,100.0,11.5,9,23,0,1,11.1,10,2.6,3.8,1.5,11,4.2,46,0,0,
398,Weslye Saunders,24,IND,TE,6,1,11,4,46,11.5,0,3,36.4,18,0.7,7.7,36.4,4.2,0,0,0,0,,,,0.0,0.0,4,11.5,46,0,0,
399,Virgil Green,25,DEN,TE,16,3,12,9,45,5.0,0,0,0.0,10,0.6,2.8,75.0,3.8,0,0,0,0,,,,0.0,0.0,9,5.0,45,0,0,
400,Phillip Tanner,25,DAL,RB,16,0,4,3,33,11.0,0,1,75.0,17,0.2,2.1,75.0,8.3,9,12,1,2,33.3,9,1.3,0.8,0.6,12,3.8,45,1,1,
401,Brandon Weeden,30,CLE,QB,8,5,0,0,0,,0,0,,,0.0,0.0,,,12,44,0,2,50.0,11,3.7,5.5,1.5,12,3.7,44,0,6,
402,Alex Green,25,NYJ,RB,13,0,2,2,8,4.0,0,0,50.0,7,0.2,0.6,100.0,4.0,11,35,0,2,45.5,9,3.2,2.7,0.8,13,3.3,43,0,0,
403,Will Johnson,24,PIT,RB,15,5,11,8,41,5.1,1,3,54.5,9,0.5,2.7,72.7,3.7,0,0,0,0,,,,0.0,0.0,8,5.1,41,1,0,
404,Will Ta'ufo'ou,27,JAX,RB,16,7,15,10,40,4.0,0,2,33.3,11,0.6,2.5,66.7,2.7,1,1,0,0,0.0,1,1.0,0.1,0.1,11,3.7,41,0,0,
405,Allen Reisner,25,JAX,TE,5,3,9,5,40,8.0,0,1,11.1,16,1.0,8.0,55.6,4.4,0,0,0,0,,,,0.0,0.0,5,8.0,40,0,0,
406,C.J. Anderson,22,DEN,RB,5,0,1,0,0,,0,0,0.0,,0.0,0.0,0.0,0.0,7,38,0,3,85.7,11,5.4,7.6,1.4,7,5.4,38,0,0,
407,Nate Byham,25,TAM,TE,4,3,3,3,38,12.7,0,2,66.7,34,0.8,9.5,100.0,12.7,0,0,0,0,,,,0.0,0.0,3,12.7,38,0,0,
408,Garrett Celek,25,SFO,TE,12,1,4,2,38,19.0,0,1,25.0,30,0.2,3.2,50.0,9.5,0,0,0,0,,,,0.0,0.0,2,19.0,38,0,1,
409,Tony Romo,33,DAL,QB,15,15,0,0,0,,0,0,,,0.0,0.0,,,20,38,0,5,20.0,15,1.9,2.5,1.3,20,1.9,38,0,4,
410,Jerome Felton,27,MIN,RB,13,9,8,6,37,6.2,0,3,50.0,11,0.5,2.8,75.0,4.6,0,0,0,0,,,,0.0,0.0,6,6.2,37,0,0,
411,Mike Glennon,24,TAM,QB,13,13,0,0,0,,0,0,,,0.0,0.0,,,27,37,0,4,22.2,16,1.4,2.8,2.1,27,1.4,37,0,7,
412,Louis Murphy,26,NYG,WR,14,0,13,6,37,6.2,1,2,38.5,8,0.4,2.6,46.2,2.8,0,0,0,0,,,,0.0,0.0,6,6.2,37,1,1,
413,Michael Preston,24,TEN,WR,7,0,7,5,37,7.4,2,2,57.1,10,0.7,5.3,71.4,5.3,0,0,0,0,,,,0.0,0.0,5,7.4,37,2,0,
414,Matt Simms,25,NYJ,QB,3,0,0,0,0,,0,0,,,0.0,0.0,,,5,37,0,1,20.0,22,7.4,12.3,1.7,5,7.4,37,0,1,
415,Kevin Brock,27,KAN,TE,4,0,6,3,36,12.0,0,1,33.3,25,0.8,9.0,50.0,6.0,0,0,0,0,,,,0.0,0.0,3,12.0,36,0,0,
416,Josh Hill,23,NOR,TE,14,3,10,6,44,7.3,1,3,60.0,9,0.4,3.1,60.0,4.4,1,-8,0,0,0.0,-8,-8.0,-0.6,0.1,7,5.1,36,1,0,
417,Greg Jones,32,HOU,RB,16,5,11,5,34,6.8,0,1,27.3,19,0.3,2.1,45.5,3.1,2,2,0,0,50.0,4,1.0,0.1,0.1,7,5.1,36,0,0,
418,Eli Manning,32,NYG,QB,16,16,0,0,0,,0,0,,,0.0,0.0,,,18,36,0,3,16.7,14,2.0,2.3,1.1,18,2.0,36,0,7,
419,David Bruton,26,DEN,DB,16,0,0,0,0,,0,0,,,0.0,0.0,,,1,35,0,1,100.0,35,35.0,2.2,0.1,1,35.0,35,0,0,
420,Jeff Demps,23,TAM,RB,2,0,3,3,21,7.0,0,1,66.7,10,1.5,10.5,100.0,7.0,1,14,0,1,100.0,14,14.0,7.0,0.5,4,8.8,35,0,0,
421,Lestar Jean,25,HOU,WR,13,0,8,4,35,8.8,0,3,50.0,11,0.3,2.7,50.0,4.4,0,0,0,0,,,,0.0,0.0,4,8.8,35,0,0,
422,Josh Aubrey,22,CLE,DB,6,0,0,0,0,,0,0,,,0.0,0.0,,,1,34,0,1,100.0,34,34.0,5.7,0.2,1,34.0,34,0,0,
423,Dorin Dickerson,25,DET,TE,5,0,5,2,34,17.0,0,1,40.0,26,0.4,6.8,40.0,6.8,0,0,0,0,,,,0.0,0.0,2,17.0,34,0,0,
424,Dominique Jones,26,IND,TE,6,2,3,2,34,17.0,0,2,66.7,21,0.3,5.7,66.7,11.3,0,0,0,0,,,,0.0,0.0,2,17.0,34,0,0,
425,Joe Webb,27,MIN,WR,16,1,11,5,33,6.6,0,2,27.3,15,0.3,2.1,45.5,3.0,0,0,0,0,,,,0.0,0.0,5,6.6,33,0,0,
426,Juron Criner,24,OAK,WR,1,0,8,3,32,10.7,0,2,25.0,20,3.0,32.0,37.5,4.0,0,0,0,0,,,,0.0,0.0,3,10.7,32,0,0,
427,Kellen Davis,28,SEA,TE,15,4,4,3,32,10.7,1,2,75.0,23,0.2,2.1,75.0,8.0,0,0,0,0,,,,0.0,0.0,3,10.7,32,1,0,
428,Blaine Gabbert,24,JAX,QB,3,3,0,0,0,,0,0,,,0.0,0.0,,,9,32,0,0,55.6,7,3.6,10.7,3.0,9,3.6,32,0,2,
429,Collin Mooney,27,TEN,RB,12,4,6,6,32,5.3,0,1,50.0,22,0.5,2.7,100.0,5.3,0,0,0,0,,,,0.0,0.0,6,5.3,32,0,0,
430,Dion Sims,22,MIA,TE,15,5,10,6,32,5.3,1,3,60.0,8,0.4,2.1,60.0,3.2,0,0,0,0,,,,0.0,0.0,6,5.3,32,1,0,
431,Sam Bradford,26,STL,QB,7,7,0,0,0,,0,0,,,0.0,0.0,,,15,31,0,2,20.0,23,2.1,4.4,2.1,15,2.1,31,0,3,
432,James Casey,29,PHI,TE,15,1,6,3,31,10.3,0,3,50.0,12,0.2,2.1,50.0,5.2,0,0,0,0,,,,0.0,0.0,3,10.3,31,0,0,
433,John Conner,26,NYG,RB,13,7,11,6,31,5.2,0,2,27.3,12,0.5,2.4,54.5,2.8,0,0,0,0,,,,0.0,0.0,6,5.2,31,0,0,
434,Larry Donnell,25,NYG,TE,16,1,6,3,31,10.3,0,2,50.0,11,0.2,1.9,50.0,5.2,0,0,0,0,,,,0.0,0.0,3,10.3,31,0,0,
435,Lamaar Thomas,23,JAX,WR,2,0,3,2,31,15.5,0,2,66.7,18,1.0,15.5,66.7,10.3,0,0,0,0,,,,0.0,0.0,2,15.5,31,0,0,
436,John Phillips,26,SDG,TE,15,6,6,4,30,7.5,0,1,50.0,13,0.3,2.0,66.7,5.0,0,0,0,0,,,,0.0,0.0,4,7.5,30,0,0,
437,LaRod Stephens-Howling,26,PIT,RB,1,0,3,2,11,5.5,0,0,0.0,7,2.0,11.0,66.7,3.7,6,19,0,0,0.0,5,3.2,19.0,6.0,8,3.8,30,0,0,
438,Ryan Taylor,26,GNB,TE,14,1,9,6,30,5.0,0,3,44.4,8,0.4,2.1,66.7,3.3,0,0,0,0,,,,0.0,0.0,6,5.0,30,0,1,
439,Bradie Ewing,24,ATL,RB,2,2,2,2,29,14.5,0,2,100.0,15,1.0,14.5,100.0,14.5,0,0,0,0,,,,0.0,0.0,2,14.5,29,0,0,
440,Brad Smith,30,PHI,WR,6,0,2,2,27,13.5,0,2,100.0,14,0.3,4.5,100.0,13.5,2,2,0,0,0.0,2,1.0,0.3,0.3,4,7.3,29,0,1,
441,Jonathan Baldwin,24,SFO,WR,7,1,9,3,28,9.3,0,1,22.2,15,0.4,4.0,33.3,3.1,0,0,0,0,,,,0.0,0.0,3,9.3,28,0,0,
442,Skye Dawson,23,TAM,WR,7,0,7,2,12,6.0,0,0,14.3,9,0.3,1.7,28.6,1.7,2,15,0,1,50.0,14,7.5,2.1,0.3,4,6.8,27,0,1,
443,Matt McGloin,24,OAK,QB,7,6,0,0,0,,0,0,,,0.0,0.0,,,11,27,0,2,27.3,20,2.5,3.9,1.6,11,2.5,27,0,4,
444,Michael Robinson,30,SEA,FB,9,3,3,2,27,13.5,0,1,66.7,21,0.2,3.0,66.7,9.0,1,0,0,0,0.0,,0.0,0.0,0.1,3,9.0,27,0,0,
445,Isaac Redman,29,PIT,RB,3,1,5,4,14,3.5,0,1,40.0,7,1.3,4.7,80.0,2.8,10,12,0,0,10.0,8,1.2,4.0,3.3,14,1.9,26,0,1,
446,Le'Ron McClain,29,SDG,RB,16,2,4,2,-7,-3.5,0,0,0.0,7,0.1,-0.4,50.0,-1.8,11,32,0,7,72.7,7,2.9,2.0,0.7,13,1.9,25,0,0,
447,Matt Schaub,32,HOU,QB,10,8,0,0,0,,0,0,,,0.0,0.0,,,5,24,0,1,60.0,7,4.8,2.4,0.5,5,4.8,24,0,2,
448,Bernard Scott,29,BAL,RB,2,0,2,2,10,5.0,0,0,0.0,8,1.0,5.0,100.0,5.0,4,14,0,0,0.0,9,3.5,7.0,2.0,6,4.0,24,0,0,
449,Chimdi Chekwa,25,OAK,DB,15,1,1,1,22,22.0,0,1,100.0,22,0.1,1.5,100.0,22.0,0,0,0,0,,,,0.0,0.0,1,22.0,22,0,0,
450,Dashon Goldson,29,TAM,FS,13,13,0,0,0,,0,0,,,0.0,0.0,,,1,22,0,1,100.0,22,22.0,1.7,0.1,1,22.0,22,0,0,
451,Tom Crabtree,28,TAM,TE,7,5,7,4,21,5.3,1,2,42.9,14,0.6,3.0,57.1,3.0,0,0,0,0,,,,0.0,0.0,4,5.3,21,1,0,
452,Mike Gillislee,23,MIA,RB,3,0,0,0,0,,0,0,,,0.0,0.0,,,6,21,0,1,50.0,6,3.5,7.0,2.0,6,3.5,21,0,0,
453,Dwayne Allen,23,IND,TE,1,1,2,1,20,20.0,1,1,50.0,20,1.0,20.0,50.0,10.0,0,0,0,0,,,,0.0,0.0,1,20.0,20,1,0,
454,Josh Freeman,25,TAM,QB,3,3,0,0,0,,0,0,,,0.0,0.0,,,5,20,0,1,40.0,13,4.0,6.7,1.7,5,4.0,20,0,2,
455,Ray Graham,23,HOU,RB,1,0,3,1,12,12.0,0,1,33.3,12,1.0,12.0,33.3,4.0,4,8,0,0,25.0,4,2.0,8.0,4.0,5,4.0,20,0,0,
456,Chad Hall,27,KAN,WR,9,0,7,2,20,10.0,0,2,28.6,11,0.2,2.2,28.6,2.9,0,0,0,0,,,,0.0,0.0,2,10.0,20,0,0,
457,Josh Johnson,27,CIN,QB,2,0,0,0,0,,0,0,,,0.0,0.0,,,7,20,0,2,28.6,10,2.9,10.0,3.5,7,2.9,20,0,1,
458,Derek Moye,25,PIT,WR,7,0,6,2,20,10.0,1,2,33.3,19,0.3,2.9,33.3,3.3,0,0,0,0,,,,0.0,0.0,2,10.0,20,1,0,
459,Jack Doyle,23,IND,TE,15,4,7,5,19,3.8,0,0,0.0,8,0.3,1.3,71.4,2.7,0,0,0,0,,,,0.0,0.0,5,3.8,19,0,0,
460,Billy Bajema,31,BAL,TE,6,1,2,2,18,9.0,0,1,50.0,18,0.3,3.0,100.0,9.0,0,0,0,0,,,,0.0,0.0,2,9.0,18,0,0,
461,Tom Brady,36,NWE,QB,16,16,0,0,0,,0,0,,,0.0,0.0,,,32,18,0,5,18.8,11,0.6,1.1,2.0,32,0.6,18,0,9,"PB,AP MVP-2,AP OPoY-4"
462,Jeremy Ebert,24,JAX,WR,5,0,8,3,18,6.0,0,0,0.0,8,0.6,3.6,37.5,2.3,0,0,0,0,,,,0.0,0.0,3,6.0,18,0,0,
463,Percy Harvin,25,SEA,WR,1,0,1,1,17,17.0,0,1,100.0,17,1.0,17.0,100.0,17.0,0,0,0,0,,,,0.0,0.0,1,17.0,17,0,0,
464,Kassim Osgood,33,SFO,WR,14,0,1,1,17,17.0,0,0,0.0,17,0.1,1.2,100.0,17.0,0,0,0,0,,,,0.0,0.0,1,17.0,17,0,0,
465,Cedric Peerman,27,CIN,RB,16,0,0,0,0,,0,0,,,0.0,0.0,,,8,17,0,0,0.0,5,2.1,1.1,0.5,8,2.1,17,0,0,
466,Jeff Tuel,22,BUF,QB,2,1,0,0,0,,0,0,,,0.0,0.0,,,3,17,0,1,33.3,14,5.7,8.5,1.5,3,5.7,17,0,0,
467,Brian Hoyer,28,CLE,QB,3,3,0,0,0,,0,0,,,0.0,0.0,,,6,16,0,1,33.3,11,2.7,5.3,2.0,6,2.7,16,0,0,
468,Matthew Mulligan,28,NWE,TE,15,4,3,2,16,8.0,1,1,66.7,15,0.1,1.1,66.7,5.3,0,0,0,0,,,,0.0,0.0,2,8.0,16,1,0,
469,Kory Sperry,28,ARI,TE,8,2,1,1,16,16.0,0,1,100.0,16,0.1,2.0,100.0,16.0,0,0,0,0,,,,0.0,0.0,1,16.0,16,0,0,
470,Tori Gurley,26,CLE,WR,3,0,3,1,15,15.0,0,1,33.3,15,0.3,5.0,33.3,5.0,0,0,0,0,,,,0.0,0.0,1,15.0,15,0,0,
471,Nick Williams,23,WAS,WR,5,0,11,3,15,5.0,0,2,18.2,6,0.6,3.0,27.3,1.4,0,0,0,0,,,,0.0,0.0,3,5.0,15,0,1,
472,Kenjon Barner,24,CAR,RB,8,0,3,2,7,3.5,0,0,0.0,5,0.3,0.9,66.7,2.3,6,7,0,0,0.0,2,1.2,0.9,0.8,8,1.8,14,0,1,
473,Kirk Cousins,25,WAS,QB,5,3,0,0,0,,0,0,,,0.0,0.0,,,4,14,0,2,50.0,6,3.5,2.8,0.8,4,3.5,14,0,3,
474,Damaris Johnson,24,PHI,WR,13,0,3,2,14,7.0,0,0,0.0,8,0.2,1.1,66.7,4.7,0,0,0,0,,,,0.0,0.0,2,7.0,14,0,1,
475,Joe Staley,29,SFO,LT,16,16,1,1,14,14.0,0,1,100.0,14,0.1,0.9,100.0,14.0,0,0,0,0,,,,0.0,0.0,1,14.0,14,0,0,"PB,AP-2"
476,Richie Brockel,27,CAR,TE,16,0,1,1,12,12.0,0,1,100.0,12,0.1,0.8,100.0,12.0,1,1,0,0,0.0,1,1.0,0.1,0.1,2,6.5,13,0,1,
477,Marcus Easley,26,BUF,WR,16,0,5,2,13,6.5,0,0,0.0,9,0.1,0.8,40.0,2.6,0,0,0,0,,,,0.0,0.0,2,6.5,13,0,0,
478,Dante Rosario,29,CHI,TE,15,3,4,1,13,13.0,0,1,25.0,13,0.1,0.9,25.0,3.3,0,0,0,0,,,,0.0,0.0,1,13.0,13,0,0,
479,Taylor Thompson,24,TEN,TE,16,3,7,3,13,4.3,1,1,28.6,9,0.2,0.8,42.9,1.9,0,0,0,0,,,,0.0,0.0,3,4.3,13,1,0,
480,Marquess Wilson,21,CHI,WR,10,1,3,2,13,6.5,0,1,33.3,10,0.2,1.3,66.7,4.3,0,0,0,0,,,,0.0,0.0,2,6.5,13,0,0,
481,Kevin Cone,25,ATL,WR,16,0,1,1,12,12.0,0,1,100.0,12,0.1,0.8,100.0,12.0,0,0,0,0,,,,0.0,0.0,1,12.0,12,0,0,
482,Alex Smith,31,CIN,TE,16,1,6,3,12,4.0,1,1,33.3,7,0.2,0.8,50.0,2.0,0,0,0,0,,,,0.0,0.0,3,4.0,12,1,1,
483,Brian Tyms,24,CLE,WR,7,0,5,2,12,6.0,0,2,40.0,6,0.3,1.7,40.0,2.4,0,0,0,0,,,,0.0,0.0,2,6.0,12,0,0,
484,Joe Banyard,25,MIN,RB,3,0,1,1,11,11.0,0,1,100.0,11,0.3,3.7,100.0,11.0,0,0,0,0,,,,0.0,0.0,1,11.0,11,0,0,
485,Matt Spaeth,30,PIT,TE,4,2,2,1,11,11.0,1,1,50.0,11,0.3,2.8,50.0,5.5,0,0,0,0,,,,0.0,0.0,1,11.0,11,1,0,
486,Armanti Edwards,25,2TM,QB,6,0,5,1,10,10.0,0,0,0.0,10,0.2,1.7,20.0,2.0,1,0,0,0,0.0,,0.0,0.0,0.2,2,5.0,10,0,0,
486,Armanti Edwards,25,CAR,QB,4,0,4,0,0,,0,0,0.0,,0.0,0.0,0.0,0.0,0,0,0,0,,,,0.0,0.0,0,,0,0,0,
486,Armanti Edwards,25,CLE,QB,2,0,1,1,10,10.0,0,0,0.0,10,0.5,5.0,100.0,10.0,1,0,0,0,0.0,,0.0,0.0,0.5,2,5.0,10,0,0,
487,Spencer Ware,22,SEA,RB,2,0,0,0,0,,0,0,,,0.0,0.0,,,3,10,0,1,33.3,5,3.3,5.0,1.5,3,3.3,10,0,0,
488,Nick Kasa,23,OAK,TE,16,1,5,1,9,9.0,1,1,20.0,9,0.1,0.6,20.0,1.8,0,0,0,0,,,,0.0,0.0,1,9.0,9,1,0,
489,Mikel Leshoure,23,DET,RB,3,0,0,0,0,,0,0,,,0.0,0.0,,,2,9,0,0,0.0,5,4.5,3.0,0.7,2,4.5,9,0,0,
490,Brad Meester,36,JAX,C,16,16,1,1,9,9.0,0,1,100.0,9,0.1,0.6,100.0,9.0,0,0,0,0,,,,0.0,0.0,1,9.0,9,0,2,
491,Cierre Wood,22,HOU,RB,3,0,0,0,0,,0,0,,,0.0,0.0,,,3,9,0,0,0.0,5,3.0,3.0,1.0,3,3.0,9,0,0,
492,Orson Charles,22,CIN,TE,13,0,2,1,8,8.0,0,0,0.0,8,0.1,0.6,50.0,4.0,0,0,0,0,,,,0.0,0.0,1,8.0,8,0,0,
493,Shiloh Keo,26,HOU,FS,16,11,0,0,0,,0,0,,,0.0,0.0,,,1,8,0,1,100.0,8,8.0,0.5,0.1,1,8.0,8,0,0,
494,Zach Line,23,MIN,RB,3,1,3,1,8,8.0,0,0,0.0,8,0.3,2.7,33.3,2.7,0,0,0,0,,,,0.0,0.0,1,8.0,8,0,0,
495,Ben Obomanu,30,NYJ,WR,3,0,1,1,8,8.0,0,0,0.0,8,0.3,2.7,100.0,8.0,0,0,0,0,,,,0.0,0.0,1,8.0,8,0,0,
496,Kyle Orton,31,DAL,QB,3,1,0,0,0,,0,0,,,0.0,0.0,,,1,8,0,1,100.0,8,8.0,2.7,0.3,1,8.0,8,0,0,
497,Michael Palmer,25,PIT,TE,16,0,1,1,8,8.0,0,0,0.0,8,0.1,0.5,100.0,8.0,0,0,0,0,,,,0.0,0.0,1,8.0,8,0,0,
498,Jeremy Stewart,24,OAK,RB,13,0,2,2,6,3.0,0,0,0.0,5,0.2,0.5,100.0,3.0,2,2,1,1,50.0,2,1.0,0.2,0.2,4,2.0,8,1,0,
499,Eric Weems,28,CHI,WR,16,0,2,1,8,8.0,0,1,50.0,8,0.1,0.5,50.0,4.0,0,0,0,0,,,,0.0,0.0,1,8.0,8,0,0,
500,Trindon Holliday,27,DEN,WR,15,0,0,0,0,,0,0,,,0.0,0.0,,,1,7,0,0,0.0,7,7.0,0.5,0.1,1,7.0,7,0,5,
501,Konrad Reuland,26,NYJ,TE,10,0,3,1,7,7.0,0,0,0.0,7,0.1,0.7,33.3,2.3,0,0,0,0,,,,0.0,0.0,1,7.0,7,0,0,
502,Robert Hughes,24,IND,RB,1,0,2,1,6,6.0,0,0,0.0,6,1.0,6.0,50.0,3.0,0,0,0,0,,,,0.0,0.0,1,6.0,6,0,0,
503,M.D. Jennings,25,GNB,FS,16,16,0,0,0,,0,0,,,0.0,0.0,,,1,6,0,0,0.0,6,6.0,0.4,0.1,1,6.0,6,0,0,
504,Brandon Tate,26,CIN,WR,16,0,2,1,6,6.0,0,0,0.0,6,0.1,0.4,50.0,3.0,0,0,0,0,,,,0.0,0.0,1,6.0,6,0,2,
505,Ronnie Wingo,22,BUF,RB,2,0,1,1,2,2.0,0,0,0.0,2,0.5,1.0,100.0,2.0,1,4,0,0,0.0,4,4.0,2.0,0.5,2,3.0,6,0,0,
506,Travaris Cadet,24,NOR,RB,13,0,2,2,5,2.5,1,1,50.0,3,0.2,0.4,100.0,2.5,0,0,0,0,,,,0.0,0.0,2,2.5,5,1,0,
507,Henry Hynoski,25,NYG,RB,3,2,2,1,5,5.0,0,0,0.0,5,0.3,1.7,50.0,2.5,0,0,0,0,,,,0.0,0.0,1,5.0,5,0,0,
508,Mike McNeill,25,STL,TE,14,0,1,1,5,5.0,0,0,0.0,5,0.1,0.4,100.0,5.0,0,0,0,0,,,,0.0,0.0,1,5.0,5,0,0,
509,Armond Smith,27,CAR,RB,5,0,0,0,0,,0,0,,,0.0,0.0,,,4,5,0,0,0.0,5,1.3,1.0,0.8,4,1.3,5,0,0,
510,Craig Stevens,29,TEN,TE,15,14,6,2,5,2.5,0,0,0.0,6,0.1,0.3,33.3,0.8,0,0,0,0,,,,0.0,0.0,2,2.5,5,0,0,
511,Tyler Clutts,29,2TM,RB,8,0,2,1,4,4.0,0,0,0.0,4,0.1,0.5,50.0,2.0,0,0,0,0,,,,0.0,0.0,1,4.0,4,0,1,
511,Tyler Clutts,29,MIA,RB,4,0,1,0,0,,0,0,0.0,,0.0,0.0,0.0,0.0,0,0,0,0,,,,0.0,0.0,0,,0,0,0,
511,Tyler Clutts,29,DAL,RB,4,0,1,1,4,4.0,0,0,0.0,4,0.3,1.0,100.0,4.0,0,0,0,0,,,,0.0,0.0,1,4.0,4,0,1,
512,Justice Cunningham,22,IND,TE,1,0,1,1,4,4.0,0,0,0.0,4,1.0,4.0,100.0,4.0,0,0,0,0,,,,0.0,0.0,1,4.0,4,0,0,
513,Darius Reynaud,29,TEN,WR,7,0,2,1,4,4.0,0,0,0.0,4,0.1,0.6,50.0,2.0,1,0,0,0,0.0,,0.0,0.0,0.1,2,2.0,4,0,1,
514,Sheldon Richardson,23,NYJ,RDE,16,15,0,0,0,,0,0,,,0.0,0.0,,,4,4,2,2,75.0,1,1.0,0.3,0.3,4,1.0,4,2,0,AP DRoY-1
515,Eric Weddle,28,SDG,FS,16,16,0,0,0,,0,0,,,0.0,0.0,,,2,4,0,2,100.0,2,2.0,0.3,0.1,2,2.0,4,0,0,"PB,AP-2"
516,Richard Gordon,26,KAN,TE,2,0,1,1,3,3.0,0,0,0.0,3,0.5,1.5,100.0,3.0,0,0,0,0,,,,0.0,0.0,1,3.0,3,0,0,
517,Corey Lynch,28,IND,DB,5,0,0,0,0,,0,0,,,0.0,0.0,,,1,3,0,0,0.0,3,3.0,0.6,0.2,1,3.0,3,0,0,
518,Sam Martin,23,DET,P,16,0,0,0,0,,0,0,,,0.0,0.0,,,2,3,0,0,0.0,3,1.5,0.2,0.1,2,1.5,3,0,2,
519,Carson Palmer,34,ARI,QB,16,16,0,0,0,,0,0,,,0.0,0.0,,,27,3,0,1,3.7,10,0.1,0.2,1.7,27,0.1,3,0,6,
520,Evan Royster,26,WAS,RB,10,0,1,1,3,3.0,0,0,0.0,3,0.1,0.3,100.0,3.0,2,0,0,0,0.0,,0.0,0.0,0.2,3,1.0,3,0,0,
521,Shaun Draughn,26,BAL,RB,3,0,0,0,0,,0,0,,,0.0,0.0,,,4,2,0,1,25.0,3,0.5,0.7,1.3,4,0.5,2,0,0,
522,Brock Osweiler,23,DEN,QB,4,0,0,0,0,,0,0,,,0.0,0.0,,,3,2,0,2,66.7,4,0.7,0.5,0.8,3,0.7,2,0,0,
523,David Reed,26,IND,WR,7,0,3,1,2,2.0,0,1,33.3,2,0.1,0.3,33.3,0.7,0,0,0,0,,,,0.0,0.0,1,2.0,2,0,0,
524,Visanthe Shiancoe,33,TEN,TE,1,1,2,2,2,1.0,0,0,0.0,3,2.0,2.0,100.0,1.0,0,0,0,0,,,,0.0,0.0,2,1.0,2,0,0,
525,Tarvaris Jackson,30,SEA,QB,3,0,0,0,0,,0,0,,,0.0,0.0,,,4,1,1,1,25.0,5,0.3,0.3,1.3,4,0.3,1,1,0,
526,Donald Penn,30,TAM,LT,16,16,1,1,1,1.0,1,1,100.0,1,0.1,0.1,100.0,1.0,0,0,0,0,,,,0.0,0.0,1,1.0,1,1,0,
527,Leon Washington,31,NWE,RB,2,0,1,0,0,,0,0,0.0,,0.0,0.0,0.0,0.0,1,1,0,0,0.0,1,1.0,0.5,0.5,1,1.0,1,0,0,
528,Jared Allen,31,MIN,RDE,16,16,1,0,0,,0,0,0.0,,0.0,0.0,0.0,0.0,0,0,0,0,,,,0.0,0.0,0,,0,0,0,
529,Derek Anderson,30,CAR,QB,4,0,0,0,0,,0,0,,,0.0,0.0,,,5,0,0,1,20.0,,0.0,0.0,1.3,5,0.0,0,0,0,
530,Joe Anderson,25,CHI,WR,6,0,1,0,0,,0,0,0.0,,0.0,0.0,0.0,0.0,0,0,0,0,,,,0.0,0.0,0,,0,0,0,
531,Bryan Anger,25,JAX,P,16,0,0,0,0,,0,0,,,0.0,0.0,,,1,0,0,0,0.0,,0.0,0.0,0.1,1,0.0,0,0,1,
532,Michael Campbell,24,NYJ,WR,4,0,2,0,0,,0,0,0.0,,0.0,0.0,0.0,0.0,0,0,0,0,,,,0.0,0.0,0,,0,0,0,
533,Chase Coffman,27,ATL,TE,11,0,2,0,0,,0,0,0.0,,0.0,0.0,0.0,0.0,0,0,0,0,,,,0.0,0.0,0,,0,0,0,
534,Brandon Fields,29,MIA,P,16,0,0,0,0,,0,0,,,0.0,0.0,,,1,0,0,0,0.0,,0.0,0.0,0.1,1,0.0,0,0,1,"PB,AP-2"
535,Doug Free,29,DAL,RT,16,16,1,0,0,,0,0,0.0,,0.0,0.0,0.0,0.0,0,0,0,0,,,,0.0,0.0,0,,0,0,0,
536,Bryce Harris,24,NOR,T,16,1,1,0,0,,0,0,0.0,,0.0,0.0,0.0,0.0,0,0,0,0,,,,0.0,0.0,0,,0,0,0,
537,Kevin Huber,28,CIN,P,14,0,0,0,0,,0,0,,,0.0,0.0,,,1,0,0,0,0.0,,0.0,0.0,0.1,1,0.0,0,0,1,
538,Greg Jenkins,24,OAK,WR,6,0,1,0,0,,0,0,0.0,,0.0,0.0,0.0,0.0,0,0,0,0,,,,0.0,0.0,0,,0,0,1,
539,Quinn Johnson,27,TEN,RB,4,0,1,0,0,,0,0,0.0,,0.0,0.0,0.0,0.0,0,0,0,0,,,,0.0,0.0,0,,0,0,0,
540,Kyle Juszczyk,22,BAL,RB,16,0,1,0,0,,0,0,0.0,,0.0,0.0,0.0,0.0,0,0,0,0,,,,0.0,0.0,0,,0,0,0,
541,Brett Kern,27,TEN,P,16,0,0,0,0,,0,0,,,0.0,0.0,,,2,0,0,0,0.0,,0.0,0.0,0.1,2,0.0,0,0,2,
542,Steve Maneri,25,CHI,T,4,1,2,0,0,,0,0,0.0,,0.0,0.0,0.0,0.0,0,0,0,0,,,,0.0,0.0,0,,0,0,0,
543,Chris Maragos,26,SEA,DB,16,0,0,0,0,,0,0,,,0.0,0.0,,,1,0,0,0,0.0,,0.0,0.0,0.1,1,0.0,0,0,2,
544,Marvin McNutt,24,CAR,WR,1,0,1,0,0,,0,0,0.0,,0.0,0.0,0.0,0.0,0,0,0,0,,,,0.0,0.0,0,,0,0,0,
545,Chris Rainey,25,IND,RB,2,0,1,0,0,,0,0,0.0,,0.0,0.0,0.0,0.0,0,0,0,0,,,,0.0,0.0,0,,0,0,2,
546,Brian Robiskie,26,ATL,WR,1,0,1,0,0,,0,0,0.0,,0.0,0.0,0.0,0.0,0,0,0,0,,,,0.0,0.0,0,,0,0,0,
547,Evan Rodriguez,25,BUF,TE,7,0,1,0,0,,0,0,0.0,,0.0,0.0,0.0,0.0,0,0,0,0,,,,0.0,0.0,0,,0,0,0,
548,Samson Satele,29,IND,C,13,13,1,1,0,0.0,0,0,0.0,,0.1,0.0,100.0,0.0,0,0,0,0,,,,0.0,0.0,1,0.0,0,0,0,
549,Nate Solder,25,NWE,LT,15,15,1,0,0,,0,0,0.0,,0.0,0.0,0.0,0.0,0,0,0,0,,,,0.0,0.0,0,,0,0,0,
550,Ryan Spadola,22,NYJ,WR,3,0,1,0,0,,0,0,0.0,,0.0,0.0,0.0,0.0,0,0,0,0,,,,0.0,0.0,0,,0,0,0,
551,Julian Talley,24,NYG,WR,2,0,2,0,0,,0,0,0.0,,0.0,0.0,0.0,0.0,0,0,0,0,,,,0.0,0.0,0,,0,0,0,
552,Earl Thomas,24,SEA,FS,16,16,1,0,0,,0,0,0.0,,0.0,0.0,0.0,0.0,0,0,0,0,,,,0.0,0.0,0,,0,0,0,"PB,AP-1,AP DPoY-3"
553,Isaiah Trufant,31,NYJ,DB,16,0,1,0,0,,0,0,0.0,,0.0,0.0,0.0,0.0,0,0,0,0,,,,0.0,0.0,0,,0,0,0,
554,Steve Weatherford,31,NYG,P,16,0,0,0,0,,0,0,,,0.0,0.0,,,1,0,0,0,0.0,,0.0,0.0,0.1,1,0.0,0,0,0,
555,D.J. Williams,25,2TM,TE,9,1,3,0,0,,0,0,0.0,,0.0,0.0,0.0,0.0,0,0,0,0,,,,0.0,0.0,0,,0,0,0,
555,D.J. Williams,25,JAX,TE,7,1,2,0,0,,0,0,0.0,,0.0,0.0,0.0,0.0,0,0,0,0,,,,0.0,0.0,0,,0,0,0,
555,D.J. Williams,25,NWE,TE,2,0,1,0,0,,0,0,0.0,,0.0,0.0,0.0,0.0,0,0,0,0,,,,0.0,0.0,0,,0,0,0,
556,Stephen Williams,27,2TM,WR,6,0,4,0,0,,0,0,0.0,,0.0,0.0,0.0,0.0,0,0,0,0,,,,0.0,0.0,0,,0,0,0,
556,Stephen Williams,27,SEA,WR,4,0,2,0,0,,0,0,0.0,,0.0,0.0,0.0,0.0,0,0,0,0,,,,0.0,0.0,0,,0,0,0,
556,Stephen Williams,27,JAX,WR,2,0,2,0,0,,0,0,0.0,,0.0,0.0,0.0,0.0,0,0,0,0,,,,0.0,0.0,0,,0,0,0,
557,T.J. Yates,26,HOU,QB,3,0,0,0,0,,0,0,,,0.0,0.0,,,1,0,0,0,0.0,,0.0,0.0,0.3,1,0.0,0,0,1,
558,Kyle Long,25,CHI,RG,16,16,1,1,-1,-1.0,0,0,0.0,-1,0.1,-0.1,100.0,-1.0,0,0,0,0,,,,0.0,0.0,1,-1.0,-1,0,1,PB
559,Matt Barkley,23,PHI,QB,3,0,0,0,0,,0,0,,,0.0,0.0,,,2,-2,0,0,0.0,-1,-1.0,-0.7,0.7,2,-1.0,-2,0,3,
560,Matt Hasselbeck,38,IND,QB,3,0,0,0,0,,0,0,,,0.0,0.0,,,2,-2,0,0,0.0,-1,-1.0,-0.7,0.7,2,-1.0,-2,0,0,
561,Shaun Hill,33,DET,QB,1,0,0,0,0,,0,0,,,0.0,0.0,,,2,-2,0,0,0.0,-1,-1.0,-2.0,2.0,2,-1.0,-2,0,0,
562,Curtis Painter,28,NYG,QB,3,0,0,0,0,,0,0,,,0.0,0.0,,,3,-2,0,0,0.0,,-0.7,-0.7,1.0,3,-0.7,-2,0,2,
563,Saalim Hakim,23,NYJ,DB,3,0,1,0,0,,0,0,0.0,,0.0,0.0,0.0,0.0,2,-3,0,0,0.0,8,-1.5,-1.0,0.7,2,-1.5,-3,0,0,
564,Luke McCown,32,NOR,QB,16,0,0,0,0,,0,0,,,0.0,0.0,,,3,-4,0,0,0.0,-1,-1.3,-0.3,0.2,3,-1.3,-4,0,0,
565,Josh Vaughan,27,ATL,RB,6,0,1,1,-5,-5.0,0,0,0.0,-5,0.2,-0.8,100.0,-5.0,1,1,0,0,0.0,1,1.0,0.2,0.2,2,-2.0,-4,0,0,
566,Matt Giordano,31,STL,DB,16,2,0,0,0,,0,0,,,0.0,0.0,,,1,-5,0,0,0.0,-5,-5.0,-0.3,0.1,1,-5.0,-5,0,0,
567,Charlie Whitehurst,31,SDG,QB,2,0,0,0,0,,0,0,,,0.0,0.0,,,6,-5,0,0,0.0,,-0.8,-2.5,3.0,6,-0.8,-5,0,0,
568,Colt McCoy,27,SFO,QB,4,0,0,0,0,,0,0,,,0.0,0.0,,,6,-6,0,0,0.0,-1,-1.0,-1.5,1.5,6,-1.0,-6,0,0,
569,Shaun Suisham,32,PIT,K,16,0,0,0,0,,0,0,,,0.0,0.0,,,1,-12,0,0,0.0,-12,-12.0,-0.8,0.1,1,-12.0,-12,0,0,
570,Peyton Manning,37,DEN,QB,16,16,0,0,0,,0,0,,,0.0,0.0,,,32,-31,1,1,3.1,1,-1.0,-1.9,2.0,32,-1.0,-31,1,10,"PB,AP-1,AP MVP-1,AP OPoY-1"
,League Average,,,,,,,,,11.6,,,48.1,,1.6,19.2,62.1,7.2,,,,,44.3,,4.2,8.6,2.1,,7.5,,,,
